Artist Name,avg_days_on_chart,avg_peak_streams,total_streams,cluster
$NOT ,11.5,474513.5,7978818,1
$ilkMoney ,9.0,237686.0,1988450,1
$uicideboy$ ,15.428571428571429,364535.21428571426,173610817,1
*NSYNC ,42.666666666666664,580550.6666666666,46041728,1
100 gecs ,1.0,238674.0,238674,1
2 Chainz ,38.63636363636363,373280.8181818182,326838914,1
21 Savage ,56.32786885245902,785671.4098360656,1338289449,0
22 Savage ,16.0,396989.0,5691910,1
220 KID ,1.0,279928.0,279928,1
24kGoldn ,114.75,556776.125,436994290,2
2Pac ,6.333333333333333,344559.6666666667,5374794,1
3 Doors Down ,3.0,141575.0,356925,1
347aidan ,17.0,249593.0,3979796,1
4*TOWN (From Disney and Pixar’s Turning Red) ,40.0,371017.0,11358002,1
42 Dugg ,67.0,407596.0,42041364,1
5 Seconds of Summer ,39.90909090909091,288244.30303030304,373411274,1
50 Cent ,10.666666666666666,212052.0,7362010,1
6LACK ,36.31578947368421,350443.8947368421,155805307,1
6ix9ine ,52.6551724137931,789294.1379310344,659653112,1
88,6.0,689929.0,2015517,1
88rising ,5.333333333333333,318802.0,3727836,1
A,47.0,282063.5,26935067,1
A Boogie Wit da Hoodie ,41.47692307692308,459467.3076923077,997257671,1
A Great Big World ,140.0,103070.0,9694514,2
A R I Z O N A ,15.0,249595.8,17267610,1
A Thousand Horses ,19.0,90606.0,1467142,1
A Tribe Called Quest ,5.066666666666666,173422.53333333333,12671534,1
A$AP ANT ,1.0,315868.0,315868,1
A$AP Ferg ,46.642857142857146,299316.4285714286,217788929,1
A$AP Mob ,12.0,224533.41176470587,36767989,1
A$AP Rocky ,33.361702127659576,462906.829787234,306358439,1
ABBA ,1.3333333333333333,259514.33333333334,992436,1
AC/DC ,11.5,396069.5,6855590,1
ACRAZE ,97.0,505080.0,28832576,2
AJR ,70.0909090909091,313125.9090909091,211449574,1
AURORA ,62.0,444966.0,20740784,1
AWOLNATION ,81.0,88710.5,11497701,1
Aaliyah ,2.0,479548.0,787806,1
Aaron Carter ,64.0,304631.0,15831038,1
Ab,21.0,586151.0,6818033,1
Action Bronson ,4.5,109404.5,837083,1
Adam Lambert ,122.0,187031.0,14862975,2
Addison Rae ,1.0,259340.0,259340,1
Adele ,71.92,1275685.0,687325980,0
Aerosmith ,1.0,100023.0,100023,1
Afrojack ,5.5,142553.5,1059860,1
Agust D ,1.5555555555555556,304289.77777777775,4082083,1
Ajdaguru ,1.0,268902.0,268902,1
Akon ,1.0,132805.0,132805,1
Alabama Shakes ,4.333333333333333,105739.33333333333,1178067,1
Alan Walker ,53.166666666666664,228921.16666666666,70539659,1
Alec Benjamin ,54.333333333333336,389591.3333333333,58545291,1
Alessia Cara ,113.0,422065.2,345449950,2
Alesso ,28.454545454545453,240511.54545454544,55178165,1
Alex Da Kid ,1.0,131144.0,131144,1
Alexander 23 ,24.0,233798.0,5149303,1
Ali Gatie ,94.75,472311.5,131012948,2
Alicia Keys ,2.4,275445.2,2385627,1
Alina Baraz ,1.0,241458.0,241458,1
All Time Low ,80.0,328234.0,19226838,1
Alok ,57.0,217315.0,10630250,1
AlunaGeorge ,11.75,208513.75,14672284,1
Alvin & The Chipmunks ,7.0,480709.0,1865297,1
Aly & AJ ,5.0,558207.0,1870539,1
Amaarae ,97.0,509737.0,29739148,2
Ambjaay ,91.0,335721.0,25195284,1
American Authors ,88.0,146197.0,6587611,1
Aminé ,48.666666666666664,345225.3333333333,269710161,1
Amy Grant ,7.0,558454.0,2326072,1
Amy Kaylee ,2.0,213438.0,412133,1
Anderson .Paak ,2.25,315412.1875,10515618,1
Andreas Weise ,2.0,187927.0,324885,1
Andrew Andraos ,3.0,551784.5,3083851,1
Andrew Gold ,6.0,641652.5,4912485,1
Andrew McMahon in the Wilderness ,1.0,153831.0,307662,1
André Aires ,1.0,243358.0,243358,1
Andy Grammer ,90.66666666666667,329466.0,67623485,1
Andy Williams ,87.0,1414750.6,254524580,0
Anita Kerr Singers ,27.0,557886.0,10475955,1
Anitta ,21.333333333333332,381463.0,17012558,1
Anne,73.5,345447.75,72336846,1
AnnenMayKantereit ,53.0,430044.0,17646543,1
Ant Saunders ,104.0,607388.0,43785355,2
Anuel AA ,22.61111111111111,404274.6666666667,129142828,1
Arcade Fire ,1.0,245545.0,245545,1
Arctic Monkeys ,81.92857142857143,338598.78571428574,318569943,1
Arcángel ,27.0,859987.0,13778260,1
Aretha Franklin ,2.2857142857142856,358379.71428571426,5227467,1
Ariana Grande ,84.22093023255815,1174230.6046511629,3168771349,3
Arizona Zervas ,302.0,1049744.0,336400093,2
Armani White ,101.0,443870.0,33370246,2
Armin van Buuren ,44.0,166741.0,5226099,1
AronChupa ,16.0,91409.0,1045285,1
"Artists Of Then, Now & Forever ",1.0,132847.0,132847,1
Ashe ,40.0,456834.0,29857711,1
Ashley O ,52.0,611800.0,20404924,1
Ashnikko ,79.66666666666667,313909.6666666667,69049062,1
Ast3p ,2.0,266130.0,505884,1
Astrid S ,124.0,330109.0,29711883,2
Asuking ,1.0,272384.0,272384,1
Atlas Genius ,1.0,85355.0,85355,1
Audien ,4.0,124455.0,381703,1
Audioslave ,1.6666666666666667,263770.3333333333,1238980,1
August Alsina ,1.0,148236.0,148236,1
Auli'i Cravalho ,109.0,230020.0,18965464,2
Austin Mahone ,5.0,119557.0,446145,1
Austyn Johnson ,3.0,193675.0,561303,1
Autumn! ,4.0,334380.0,1134385,1
Ava Max ,102.4,393675.0,154585762,2
Aventura ,54.0,777761.5,37739825,1
Avicii ,42.625,518905.875,207074079,1
Avril Lavigne ,3.8,299264.4,4726012,1
Axwell /\ Ingrosso ,37.0,183826.75,39603095,1
Ayo & Teo ,271.0,530153.0,80064354,2
B.B. King ,1.0,86543.33333333333,519260,1
B.o.B ,9.0,57349.666666666664,1449167,1
BANKS ,32.0,111292.0,4993030,1
BANNERS ,18.0,143070.0,6404554,1
BENEE ,176.0,690878.0,86449441,2
BIA ,47.0,489253.6666666667,39632945,1
BLACKPINK ,20.333333333333332,664322.1111111111,139305207,1
BROCKHAMPTON ,8.909090909090908,365440.8787878788,106738299,1
BRONSON ,1.0,236969.0,236969,1
BRS Kash ,20.5,249688.5,9768573,1
BTS ,16.013333333333332,520922.32,455938452,1
BURNS ,1.0,237548.0,237548,1
Baby Keem ,41.08,465438.44,401268879,1
Baby Tate ,4.0,222606.5,1746364,1
Backstreet Boys ,2.0,276423.25,2150881,1
Bad Bunny ,74.63529411764706,906120.6470588235,2789775409,3
Bahari ,1.0,60039.0,60039,1
Bailey Zimmerman ,126.66666666666667,554402.6666666666,135293249,2
Baka Not Nice ,4.0,218549.0,790157,1
Band Aid ,204.0,2071624.0,96606504,0
Banda MS de Sergio Lizárraga ,7.0,310928.0,1754451,1
Bankrol Hayden ,7.666666666666667,259870.33333333334,5060746,1
Bankroll Fresh ,6.0,113317.0,620415,1
Bas ,7.666666666666667,417945.6666666667,7140844,1
Bass Santana ,1.6666666666666667,293504.6666666667,1496839,1
Bastille ,65.0,172442.8,32462752,1
Baxuz ,2.0,265334.0,505530,1
Bazzi ,84.82352941176471,441591.64705882355,544247268,1
Bea Miller ,14.666666666666666,146442.0,10181936,1
Beach Bunny ,106.0,418533.0,31676799,2
Beach House ,549.0,434347.0,151348745,2
Beach Weather ,112.0,377646.0,35092006,2
Bebe Rexha ,89.05882352941177,303046.76470588235,477607443,1
Beck ,2.8,121876.93333333333,4438800,1
Becky G ,66.375,265256.875,129098525,1
Bee Gees ,1.75,205699.75,1437047,1
Bella Poarch ,98.0,627884.0,38791472,2
Belly ,19.428571428571427,351976.0,21787123,1
Ben Howard ,1.0,184436.0,184436,1
Ben Platt ,2.0,232416.0,432626,1
Ben Rector ,1.0,250670.0,250670,1
Benjamin Francis Leftwich ,1.0,87145.0,87145,1
Benny The Butcher ,5.0,353771.5,3215335,1
Benson Boone ,32.0,438823.0,18434383,1
Best Coast ,1.0,80077.0,80077,1
Beyoncé ,31.36,637106.58,380421448,1
Bhad Bhabie ,7.0,206900.0,2910169,1
Big Gigantic ,7.0,140515.0,915094,1
Big Grams ,1.0,104003.5,208007,1
Big Red Machine ,8.0,677688.0,2624599,1
Big Sean ,44.016129032258064,429590.06451612903,721018644,1
Big Shaq ,49.0,318934.0,11375957,1
Bill Withers ,3.3333333333333335,371391.0,3259958,1
Billie Eilish ,172.58695652173913,1141203.6739130435,3119498389,3
Billy Currington ,75.33333333333333,177996.0,31514957,1
Billy Joel ,1.0,227902.0,227902,1
Bing Crosby ,36.4,885700.28,386738856,0
Birdy ,3.5,98185.5,523376,1
Bishop Briggs ,1.0,144143.0,144143,1
Biz Markie ,1.0,315828.0,315828,1
Bizarrap ,135.0,517445.0,50396055,2
Black Eyed Peas ,52.0,262564.6,67924680,1
Blackstreet ,4.0,164827.0,460976,1
Blake Shelton ,39.9,164158.9,62691892,1
Blanco Brown ,117.0,521344.0,42118089,2
Bleachers ,1.0,222412.5,444825,1
BlocBoy JB ,261.5,1084444.5,323528027,2
Blue Öyster Cult ,15.0,519922.0,4723676,1
Blueface ,57.625,447819.0,179850051,1
Blvckengineer ,1.0,216962.66666666666,650888,1
Blxst ,86.0,262591.0,19413867,1
Bo Burnham ,19.0,323382.64705882355,91696377,1
"Bobby ""Boris"" Pickett ",7.0,313452.0,1562118,1
"Bobby ""Boris"" Pickett & The Crypt",26.0,1521957.0,12978123,0
Bobby Helms ,335.0,4516839.0,235335220,0
Bobby McFerrin ,1.0,151239.0,151239,1
Bobby Shmurda ,114.5,324231.0,35657983,2
Bon Iver ,4.466666666666667,233828.4,11009648,1
Bonnie Tyler ,1.0,302026.0,302026,1
Bow Wow Wow ,2.0,353873.0,617604,1
BoyWithUke ,96.0,449257.5,56937212,2
Bradley Cooper ,1.0,196709.0,196709,1
Brandon Shinin ,1.0,210772.0,210772,1
Brantley Gilbert ,12.333333333333334,115765.0,3585227,1
Brenda Lee ,122.0,2004566.6666666667,279840278,0
Brent Faiyaz ,22.36,579827.16,169905829,1
Brett Eldredge ,31.0,308896.77777777775,56219224,1
Brett Young ,67.6,208305.8,69143286,1
Bring Me The Horizon ,3.6,216631.3,7962217,1
Britney Spears ,21.11111111111111,353364.0,52774310,1
Brittany Howard ,3.0,467036.0,932878,1
Brothers Osborne ,1.0,88502.0,88502,1
Bruce Springsteen ,40.333333333333336,851324.6666666666,49799738,1
Bruno Major ,10.0,269545.0,2425335,1
Bruno Mars ,91.3076923076923,629005.2307692308,899815648,2
Bryan Adams ,3.0,286293.0,741660,1
Bryce Vine ,97.0,438555.5,61588738,2
Bryson Tiller ,68.25,410745.65,620321252,1
Buffalo Springfield ,1.0,80431.0,80431,1
Burl Ives ,108.0,1686368.25,216981252,0
Busta Rhymes ,4.0,517285.0,1277119,1
BØRNS ,246.33333333333334,240022.66666666666,185276766,2
CAZZETTE ,35.0,118445.5,5331172,1
CHVRCHES ,2.111111111111111,142188.11111111112,2071119,1
CJ ,230.0,834077.0,111327394,2
CKay ,116.0,389700.5,71793190,2
CNCO ,84.0,237572.0,16196903,1
CORPSE ,43.0,404109.0,48892460,1
Cafuné ,74.0,360339.0,20905806,1
Cage The Elephant ,209.5,245084.0,97423186,2
Calboy ,440.0,669228.0,164149940,2
Calum Scott ,1.0,198073.0,198073,1
Calvin Harris ,76.5,468143.8823529412,870691709,1
Cam ,62.0,110131.0,5705652,1
Camila Cabello ,67.15384615384616,492119.1923076923,721894681,1
Camilo ,1.0,257406.0,257406,1
Canaan Smith ,102.0,117733.0,9203125,1
Capital Cities ,124.0,107339.0,8634214,2
Cardi B ,153.31578947368422,1127474.0,1536836393,0
Carin Leon ,2.0,303481.0,589476,1
Carlie Hanson ,1.0,200958.0,200958,1
Carlos Vives ,30.0,268396.0,7180475,1
Carly Pearce ,40.0,249342.0,8759463,1
Carly Rae Jepsen ,22.4,185698.8,34438811,1
Carnage ,21.333333333333332,255116.66666666666,8573862,1
Carolina Gaitán ,201.0,1486869.0,138398595,0
Carpenters ,34.75,873813.0,49555905,1
Carrie Underwood ,23.857142857142858,143662.2857142857,13782887,1
Cash Cash ,12.75,190269.0,9463377,1
Cashmere Cat ,40.5,276918.3333333333,63292069,1
Catey Shaw ,2.0,80229.0,153653,1
Catfish and the Bottlemen ,1.0,69017.0,69017,1
Catie Turner ,1.0,236545.0,236545,1
Celeste ,2.0,209606.0,408630,1
Central Cee ,36.0,301900.0,19651145,1
Chad Focus ,3.3333333333333335,189506.0,1866448,1
Chan Se Park ,1.0,239385.0,239385,1
Chance the Rapper ,37.46938775510204,442754.5306122449,482166163,1
Chantel Jeffries ,5.0,276141.0,1130016,1
Charles Perry ,3.0,87908.0,236761,1
Charli XCX ,17.2,231614.26666666666,32337711,1
Charlie Puth ,79.0,441941.6666666667,522963930,1
Chase Atlantic ,5.5,248863.0,2564835,1
Chase Rice ,36.666666666666664,190339.0,19027973,1
Cheat Codes ,59.75,261677.125,133596089,1
Chedda Da Connect ,12.0,80437.0,874093,1
Chelsea Cutler ,1.0,257166.25,2057330,1
Chief Keef ,318.0,395268.0,80223782,2
Childish Gambino ,76.35483870967742,500833.9032258064,676797305,1
China Anne McClain ,1.0,238753.0,238753,1
Chloe x Halle ,12.333333333333334,283113.6666666667,9309162,1
Chlöe ,33.0,376609.5,21634284,1
Chris Brown ,70.67647058823529,301206.73529411765,663065589,1
Chris Cornell ,1.0,210932.0,210932,1
Chris Janson ,76.0,102683.0,6704670,1
Chris Jedi ,12.0,198171.0,3996003,1
Chris Lane ,35.0,233120.0,21295017,1
Chris Rea ,18.0,756949.5,13251718,1
Chris Stapleton ,57.8,222632.4,184695520,1
Chris Young ,55.0,198712.4,42919361,1
Christina Aguilera ,4.0,298057.2,5585874,1
Christina Perri ,2.0,170388.5,492783,1
Chucho Flash ,23.0,311115.0,5186043,1
Chuck Berry ,114.5,1136442.5,97090791,0
Ciara ,1.0,102349.0,204698,1
Cico P ,73.0,412835.0,21632969,1
Cigarettes After Sex ,170.0,402317.0,55292647,2
City Girls ,65.83333333333333,343547.5,108416911,1
Claire Rosinkranz ,18.0,236294.0,3877495,1
Clairo ,54.5,340565.5,68321525,1
Clean Bandit ,175.0,419612.0,269621413,2
Clinton Kane ,35.666666666666664,396629.3333333333,28044228,1
Cobra Starship ,22.0,71206.0,1328923,1
Cochise ,178.5,443286.0,117943580,2
Cody Johnson ,182.0,367310.0,49196663,2
Coi Leray ,9.0,365451.5,4672292,1
Colbie Caillat ,13.0,61403.0,1360570,1
Cold War Kids ,1.0,55182.0,55182,1
Coldplay ,45.06896551724138,320754.1379310345,277940759,1
Cole Swindell ,34.166666666666664,175159.33333333334,65560012,1
Coleman Hell ,13.0,82338.0,1029378,1
Comethazine ,43.0,269153.0,32344305,1
Commodores ,3.0,289280.0,814411,1
Common ,6.0,125161.0,506554,1
Conan Gray ,80.14285714285714,372650.85714285716,343913045,1
Conrad Sewell ,61.0,167636.0,7207050,1
Cooliecut ,1.0,333504.0,333504,1
Coolio ,9.0,566526.0,5735424,1
Cordae ,5.071428571428571,311071.85714285716,19133863,1
Corey ,1.0,306127.0,306127,1
Counting Crows ,1.0,65036.0,65036,1
Creedence Clearwater Revival ,7.0,267971.0,5110958,1
Cults ,31.0,390190.0,9155390,1
Curtis Waters ,126.0,427327.0,39723968,2
Céline Dion ,1.5,214635.0,766972,1
D Smoke ,1.0,223661.0,223661,1
D'Angelo ,2.75,96621.91666666667,2855940,1
DDG ,90.0,398597.0,54874181,1
DJ A1 ,7.0,534459.0,3515866,1
DJ Diddy ,1.0,203457.0,203457,1
DJ Drama ,26.5,143225.0,6905952,1
DJ Durel ,7.0,319315.0,1788561,1
DJ ESCO ,87.0,232717.5,33235701,1
DJ Jazzy Jeff & The Fresh Prince ,6.0,428724.0,1927528,1
DJ Khaled ,35.04477611940298,544132.0746268657,979791535,1
DJ Luian ,26.0,260229.0,5547596,1
DJ Luke Nasty ,22.0,124503.0,2446805,1
DJ Many ,14.0,433692.0,4096551,1
DJ Scheme ,4.0,291276.0,1026238,1
DJ Snake ,110.53846153846153,503291.92307692306,505772726,2
DJ Suede The Remix God ,2.0,129281.0,240722,1
DJDS ,1.0,202109.0,202109,1
DLOW ,47.0,152348.0,5545139,1
DMX ,3.5454545454545454,503408.9090909091,15057949,1
DNCE ,129.0,328400.0,145790100,2
DRAM ,185.25,419047.25,299673831,2
DUSTY LOCANE ,68.0,382445.0,19039170,1
DVBBS ,65.0,286711.0,14857892,1
DaBaby ,77.85106382978724,764466.1702127659,1612903610,3
Daddy Yankee ,26.5,314979.5833333333,93077526,1
Dae Dae ,78.0,189960.0,11632510,1
Daft Punk ,2.0,286686.8,2690619,1
Dan + Shay ,151.46666666666667,465775.06666666665,641827620,2
Daniel Caesar ,14.555555555555555,337191.44444444444,28857756,1
Daniel Marcy ,1.0,710534.0,710534,1
Danny Elfman ,1.0,253164.0,253164,1
Danny Ocean ,54.0,248290.0,9372773,1
Dante Klein ,142.0,473402.0,46295103,2
Dantès ,1.0,362762.0,362762,1
Darius Rucker ,51.0,342531.0,11715377,1
Darlene Love ,37.5,1068690.25,82806125,0
Daryl Hall & John Oates ,20.0,512061.25,25915800,1
Das Sound Machine ,1.0,72612.0,72612,1
Dave ,18.0,173785.0,2404715,1
David Bowie ,2.4285714285714284,214516.57142857142,12763803,1
David Guetta ,59.45,363222.7,340097286,1
David Kushner ,5.0,281200.0,1254914,1
David Nail ,4.0,120978.0,465974,1
Dawin ,185.0,201282.0,25841085,2
Daya ,113.16666666666667,289229.0,165637969,2
DeJ Loaf ,95.0,152158.33333333334,36247977,1
Dead Or Alive ,3.0,306385.0,716371,1
Dean Lewis ,227.0,446099.5,141237758,2
Dean Martin ,80.83333333333333,1211788.0,211357813,0
Death Cab for Cutie ,1.25,126624.75,577427,1
Declan McKenna ,7.0,262248.0,1706208,1
Delacey ,18.0,386800.0,5065022,1
Demi Lovato ,58.421052631578945,427833.84210526315,373679263,1
Dennis Lloyd ,95.5,519825.0,62485166,2
Denzel Curry ,1.9,275984.1,4792140,1
Deorro ,78.0,145848.5,21021466,1
Dermot Kennedy ,2.5,236818.0,1116370,1
Desiigner ,116.28571428571429,486984.28571428574,316976673,2
Destiny's Child ,4.0,144493.0,2662472,1
Devin Dawson ,43.0,331462.5,18207725,1
Dexys Midnight Runners ,1.0,194508.0,194508,1
Diana Krall ,2.5,159511.5,616875,1
Diane Guerrero ,99.0,592526.0,40013524,2
Diddy ,5.0,106005.0,451026,1
Dierks Bentley ,47.42857142857143,171039.57142857142,43306279,1
Dillon Francis ,14.833333333333334,148986.33333333334,9723374,1
Dimitri Vegas & Like Mike ,1.0,169975.0,169975,1
Diplo ,68.9090909090909,363455.0,191954646,1
Disclosure ,62.142857142857146,200580.2857142857,58471782,1
Disney Characters ,13.0,1421036.0,6761861,0
Disturbed ,36.0,132280.0,4324426,1
Dixie ,4.0,232902.0,867127,1
Dj Ozuna ,6.0,231840.0,1198268,1
Doe Boy ,1.0,232524.0,232524,1
Doja Cat ,159.14814814814815,760685.8518518518,1995810915,3
Dolly Parton ,2.0,410797.5,1581791,1
Dominic Fike ,41.666666666666664,406385.6666666667,36429053,1
Don McLean ,9.0,327664.0,2204770,1
Don Toliver ,28.785714285714285,462960.78571428574,296367444,1
Donnie Trumpet & The Social Experiment ,11.0,112368.0,1157771,1
Donny Hathaway ,92.0,1426804.0,36663687,0
Donyay ,1.0,211238.0,211238,1
Doris Day ,2.0,321250.0,510687,1
Dove Cameron ,236.0,610722.0,86719217,2
Dr. Dre ,24.2,604765.0,37867882,1
Drake ,105.83653846153847,1778147.048076923,9228928893,3
Drakeo the Ruler ,3.0,380083.0,895816,1
Dream ,7.333333333333333,439199.0,6407935,1
Dreamville ,13.153846153846153,457917.1923076923,111163417,1
Dreezy ,96.0,160155.0,12673888,1
DripReport ,73.0,351257.0,20448995,1
Dropkick Murphys ,7.0,358657.0,1666482,1
Dua Lipa ,110.16666666666667,523418.9583333333,1151112446,2
Duncan Laurence ,157.0,352955.0,44307767,2
Duran Duran ,5.0,279702.0,1272443,1
Dustin Lynch ,43.4,201815.0,46845660,1
Dwayne Johnson ,2.0,143650.0,283391,1
Dylan Scott ,11.5,203045.5,3991804,1
Dynoro ,73.0,444658.0,24715326,1
E,1.0,144513.5,289027,1
E.T. ,1.0,338155.0,338155,1
ERNEST ,214.0,420148.0,56799282,2
EST Gee ,8.0,306431.0,2073476,1
Eagles ,13.285714285714286,387501.71428571426,32424444,1
Earl Sweatshirt ,1.0555555555555556,262346.3888888889,4977593,1
"Earth, Wind & Fire ",45.0,777144.0,14950866,1
Eartha Kitt ,98.0,974543.0,76148092,0
Easton Corbin ,1.0,85501.0,85501,1
Eazy,4.0,77132.0,293511,1
Echosmith ,143.66666666666666,250603.66666666666,68951858,2
Ed Ivory ,2.0,397070.0,621312,1
Ed Sheeran ,100.27272727272727,664518.3333333334,2147313297,3
Eddie Rabbitt ,6.0,89430.0,422776,1
Edison Lighthouse ,36.0,287769.0,8827139,1
Edward Sharpe & The Magnetic Zeros ,7.5,256992.0,1788530,1
Electric Light Orchestra ,5.0,241414.0,951478,1
Eli Young Band ,35.0,261404.0,7742301,1
Elijah Blake ,1.0,83012.0,83012,1
Ella Fitzgerald ,13.5,581460.8333333334,31354580,1
Ella Henderson ,54.666666666666664,120230.0,18572480,1
Ella Mai ,65.5,397491.6666666667,134622147,1
Elle King ,105.5,308507.0,40190569,2
Elley Duhé ,180.0,436972.0,59878312,2
Ellie Goulding ,89.88235294117646,347430.17647058825,403294369,1
Ellie Nelson ,1.0,218459.0,218459,1
Elton John ,76.71428571428571,519641.14285714284,220537638,1
Elvis Presley ,100.0,1256826.0,123103588,0
ElyOtto ,65.0,389577.0,19454284,1
Em Beihold ,144.0,484640.0,50555344,2
Emeli Sandé ,1.0,174738.0,174738,1
Eminem ,51.573170731707314,767005.5243902439,1158092556,1
Emma Stone ,1.0,159671.0,159671,1
Emmy Meli ,83.0,364239.0,24325903,1
Empire Cast ,2.0,81174.0,304408,1
Empire of the Sun ,2.0,183508.0,641844,1
Enrique Iglesias ,45.2,164881.6,20373021,1
Eric Bellinger ,81.0,166281.0,11798671,1
Eric Church ,56.0,136467.8,28539513,1
Eric Clapton ,1.0,119869.0,119869,1
Erica Banks ,71.0,356854.0,18450948,1
Eslabon Armado ,15.3,367472.8,104432273,1
Etta James ,7.0,705012.0,3041640,1
Eurythmics ,9.0,503611.0,2750853,1
Evanescence ,2.0,247135.0,300293,1
Eve ,2.0,79551.0,134694,1
Eve 6 ,2.0,78044.0,148993,1
Eyedress ,102.0,268560.0,23078817,1
FKA twigs ,1.3333333333333333,307915.0,1187178,1
FLETCHER ,18.75,192923.0,16332971,1
FRENSHIP ,282.0,547036.0,96799483,2
Fabolous ,1.0,232011.0,232011,1
Faith Hill ,1.0,289962.0,289962,1
Fall Out Boy ,58.476190476190474,181318.2857142857,161299878,1
Family of the Year ,44.0,107984.0,3407009,1
Famous Dex ,243.33333333333334,706786.0,304286157,2
Farruko ,113.0,374452.6666666667,127910262,2
Fat Joe ,118.0,253075.0,43663786,2
Father John Misty ,1.0,80692.0,80692,1
Felix Jaehn ,139.0,172371.0,15915316,2
Fences ,12.0,70240.0,701738,1
Fergie ,145.0,236695.0,19710613,2
Fetty Wap ,147.1875,325720.125,620470827,2
Fifth Harmony ,83.66666666666667,301281.8,363232818,1
Fiona Apple ,2.0,298850.6666666667,3301015,1
Fireboy DML ,4.0,202580.0,800094,1
Fitz and The Tantrums ,10.0,178681.0,6342520,1
Fivio Foreign ,18.666666666666668,681612.6666666666,20292849,1
Fleetwood Mac ,274.0,531826.0,245490533,2
Flight Facilities ,1.0,59223.0,59223,1
Flipp Dinero ,251.5,667071.5,220128151,2
Flo Rida ,134.875,304754.25,269293744,2
Florence + The Machine ,1.7692307692307692,193466.38461538462,3620065,1
Florida Georgia Line ,67.6842105263158,222152.42105263157,212950189,1
Flume ,90.14285714285714,366958.14285714284,207134084,1
Flyboy Tarantino ,1.0,248926.5,497853,1
Foals ,2.0,108301.0,183519,1
Foo Fighters ,18.5,177357.0,38716588,1
Fort Minor ,1.0,104466.0,104466,1
Foster The People ,14.333333333333334,224309.66666666666,5949747,1
Foudeqush ,3.0,325690.0,914742,1
Four Tops ,1.0,231781.0,231781,1
Fousheé ,39.0,266627.0,9224553,1
Francesco Yates ,1.0,89456.0,89456,1
Francis and the Lights ,1.0,183327.66666666666,549983,1
Frank Ocean ,47.68421052631579,397792.36842105264,245609720,1
Frank Sinatra ,74.375,1273645.375,255786571,0
Fred again.. ,1.0,254241.0,254241,1
Freddie Dredd ,44.0,404831.0,14923501,1
Freddie Gibbs ,1.0,260552.0,1042208,1
Free Nationals ,1.0,303729.0,303729,1
French Montana ,69.93333333333334,430507.0,450454845,1
Friyie ,1.0,173792.0,173792,1
Fuerza Regida ,3.0,364028.0,943686,1
Fujii Kaze ,5.0,279926.0,1269251,1
Future ,32.242105263157896,551033.447368421,2099385424,3
G,50.265306122448976,310177.89795918367,605665191,1
G Herbo ,66.4,344581.6,100579022,1
G-Eazy,513.0,997340.0,208480098,2
G.R.L. ,50.0,137846.0,4569358,1
GASHI ,8.0,234728.5,3437024,1
GAYLE ,106.0,590591.5,113208304,2
Gabby Barrett ,197.0,323000.0,97677560,2
Galantis ,48.4,220957.5,90352752,1
Gang Starr ,2.0,331784.0,587871,1
Gavin DeGraw ,1.0,59899.0,59899,1
Gayla Peevey ,15.0,1182242.0,7089645,0
Gene Autry ,50.333333333333336,956729.0,55557145,0
George Ezra ,92.33333333333333,269822.3333333333,33780257,1
George Michael ,2.75,239296.5,2240513,1
Gera MX ,49.0,370445.0,13035673,1
Gerry Rafferty ,9.0,241939.0,2090141,1
Gesaffelstein ,86.0,1238188.0,33729127,0
Ghost ,86.0,564774.0,33860020,1
Ghost Town DJs ,49.0,241385.0,8688048,1
Ginuwine ,2.0,76241.0,150854,1
Giveon ,53.77777777777778,369816.1111111111,188931591,1
Glades ,28.0,236921.0,5738391,1
Glass Animals ,78.6,357979.7,546710118,1
Glee Cast ,4.0,227479.0,1265355,1
GloRilla ,86.0,454110.0,30296028,1
Gnarls Barkley ,3.0,133747.0,355961,1
GoldLink ,90.66666666666667,227405.0,58084673,1
Good Gas ,2.0,253012.0,440563,1
Gorillaz ,3.5833333333333335,288276.4166666667,22635496,1
Gotye ,2.0,213625.0,425517,1
Grace Potter ,1.0,82239.0,82239,1
Green Day ,1.0,132573.5,530294,1
Grey ,32.0,232188.0,6264590,1
Grimes ,2.0,146652.25,952860,1
Grouplove ,175.66666666666666,182467.33333333334,126143565,2
"Grover Washington, Jr. ",11.0,266772.0,2465647,1
Grupo Frontera ,45.5,423783.5,31587969,1
Gryffin ,8.0,285287.1666666667,22092083,1
Gucci Mane ,28.982456140350877,318280.3333333333,582429596,1
Gunna ,19.095238095238095,551866.380952381,446430710,1
Guns N' Roses ,18.0,247706.0,3541621,1
Gwen Stefani ,27.833333333333332,301526.6666666667,39622976,1
Gym Class Heroes ,97.0,407597.0,29175430,1
H.E.R. ,112.5,363492.0,164991676,2
HAIM ,1.1428571428571428,250044.85714285713,1947625,1
HARDY ,16.0,261115.0,7050451,1
HRVY ,14.0,242718.0,2967274,1
HSM ,4.0,291270.0,1044541,1
HVME ,15.0,341043.0,3965274,1
Hailee Steinfeld ,142.1,420156.9,466544227,2
Hailey Whitters ,3.0,244685.0,696950,1
Haley Reinhart ,1.0,90126.0,90126,1
Halsey ,40.67272727272727,389515.10909090907,824914128,1
Handsome Ghost ,2.0,82820.0,162239,1
Hannah Kerr ,3.0,335599.0,952548,1
Hanson ,1.0,401122.0,401122,1
Harry Belafonte ,1.0,424592.0,849184,1
"Harry Connick, Jr. ",1.0,125686.0,125686,1
Harry Simeone Chorale ,1.5,187393.5,449966,1
Harry Styles ,119.57142857142857,1716040.4,1982220654,3
Hayden James ,4.0,98470.0,336200,1
Hayley Kiyoko ,1.0,308065.0,308065,1
Hayley Williams ,2.0,312766.0,607349,1
Hazers ,1.0,191964.0,191964,1
Headie One ,12.0,425718.0,3497805,1
Hearts & Colors ,81.0,258798.0,17148765,1
Herve Pagez ,1.0,356877.0,356877,1
Hilary Duff ,17.0,107285.33333333333,4734580,1
Hoodie Allen ,27.0,101456.0,1933914,1
Hotboii ,4.0,309784.0,977903,1
Hotel Ugly ,114.0,490267.0,44768357,2
House Of Pain ,1.0,102304.0,102304,1
Hozier ,63.470588235294116,233428.64705882352,195553584,1
Huddy ,1.0,221778.0,221778,1
Hudson Thames ,2.0,105089.0,204901,1
Hugh Jackman ,47.0,296791.0,46026615,1
Huncho Jack ,20.307692307692307,874246.6153846154,82068177,1
Hunter Hayes ,33.666666666666664,140608.33333333334,11704844,1
ILLENIUM ,5.636363636363637,322436.36363636365,16627166,1
ILOVEMAKONNEN ,76.33333333333333,211720.0,35311492,1
IU ,3.0,339004.0,853331,1
IVE ,5.0,317433.0,1413975,1
Ice Cube ,206.0,334709.0,51427753,2
Icona Pop ,10.5,86815.0,1894511,1
Idina Menzel ,54.0,469631.25,53653178,1
Iggy Azalea ,85.125,187649.5,110179654,1
Imagine Dragons ,74.72340425531915,284101.3191489362,983750059,1
Incubus ,2.0,90173.5,323971,1
Ingrid Andress ,8.0,364252.0,1969999,1
Ingrid Michaelson ,24.5,140979.0,4752176,1
Internet Money ,97.0,575284.7777777778,385652059,2
Ir Sais ,1.0,252700.0,252700,1
Iron & Wine ,1.0,60513.0,60513,1
Irving Berlin ,1.0,67538.0,67538,1
Isabel LaRosa ,5.0,317471.0,1514589,1
Isaiah Firebrace ,72.0,241077.0,14648699,1
Isaiah Rashad ,3.2666666666666666,339721.5333333333,13788745,1
Itzyungbaby ,3.0,322578.0,887457,1
Ivan Cornejo ,44.0,385888.75,48745058,1
J Balvin ,38.75,425208.15625,389732002,1
J. Cole ,146.9,1798187.0,2663931014,3
J.I the Prince of N.Y ,12.0,253081.5,5299905,1
JACKBOYS ,66.0,1279790.8,129882656,0
JAY,203.2,242478.8,156386633,2
JENNIE ,2.0,265917.0,478408,1
JID ,6.166666666666667,322668.75,20434684,1
JIMIN ,4.0,94401.0,365454,1
JIN ,4.0,506707.0,1392323,1
JORDY23 ,2.0,271494.0,537649,1
JP Cooper ,95.0,323884.0,23226355,1
JP Saxe ,520.0,444524.0,156928093,2
JVKE ,93.0,608318.5,102773732,2
Jack & Jack ,19.0,105663.0,1632695,1
Jack Garratt ,1.0,80594.0,80594,1
Jack Harlow ,69.51724137931035,919821.5862068966,959963757,0
Jack Johnson ,6.5,190840.5,1627322,1
Jack White ,1.0,78180.0,78180,1
Jack Ü ,114.25,219739.0,137084682,2
Jacquees ,1.0,291608.0,291608,1
Jaden ,18.0,288305.2,20059266,1
Jagged Edge ,1.0,108824.0,108824,1
Jake Owen ,27.8,200353.8,17797861,1
James Arthur ,215.83333333333334,331373.6666666667,368587798,2
James Bay ,164.33333333333334,248062.33333333334,78994874,2
James Blake ,5.0,364326.3333333333,3691002,1
James Blunt ,1.5,97673.5,268486,1
James Brown ,1.0,355437.0,355437,1
James Hersey ,89.0,250173.0,16549334,1
James Newton Howard ,68.0,204016.0,7942682,1
Jameson Rodgers ,3.5,228341.0,1456252,1
Jamie xx ,5.0,105346.0,456123,1
Jana Kramer ,19.0,126169.0,1913119,1
Jane Zhang ,1.0,145025.0,145025,1
Janelle Monáe ,3.0,319041.0,1500682,1
Jarryd James ,1.0,75984.0,151968,1
Jasmine V ,6.0,57684.0,327469,1
Jason Aldean ,70.0,284066.4285714286,112845083,1
Jason Derulo ,108.33333333333333,289530.4666666667,337910169,2
Jason French ,3.0,75261.0,194991,1
Jason Mraz ,7.666666666666667,93454.33333333333,1686239,1
Jaudy ,2.0,242017.0,454218,1
Jawsh 685 ,70.66666666666667,517066.3333333333,99718762,1
Jax ,56.0,343650.0,15396496,1
Jax Jones ,22.333333333333332,231793.33333333334,14696490,1
Jay Critch ,2.0,206304.0,388154,1
Jay Electronica ,1.5,259826.0,783426,1
Jay Rock ,78.0,528406.5,148995916,1
Jaymes Young ,116.0,401330.0,35009706,2
Jazmine Sullivan ,2.0,247411.0,469309,1
Jeezy ,1.0,353941.0,353941,1
Jelly Roll ,12.0,329053.0,3204387,1
Jennifer Lopez ,11.0,126410.5,1408046,1
Jennifer Ormond ,1.0,353450.0,353450,1
Jenny Duncan ,1.0,1737605.0,1737605,0
Jeremih ,186.85714285714286,260150.42857142858,246238823,2
Jeremy Zucker ,14.0,284714.9,32010571,1
Jerreau ,1.0,115919.0,115919,1
Jess Glynne ,36.0,194352.66666666666,14650643,1
Jessica Darrow ,136.0,1003606.0,78691499,0
Jessie J ,94.16666666666667,222199.5,94814808,1
Jessie Murph ,6.666666666666667,284641.0,4984517,1
Jessie Ware ,12.5,71403.5,1536212,1
Jesy Nelson ,1.0,280904.0,280904,1
Jhay Cortez ,63.666666666666664,365312.3333333333,47550947,1
Jhené Aiko ,8.631578947368421,412437.4736842105,50726353,1
Jidenna ,125.0,259203.5,44506689,2
Jimin ,2.0,286132.0,524568,1
Jimmy Buffett ,1.0,214227.0,214227,1
Jnr Choi ,4.0,230106.0,864655,1
JoJo ,6.0,199961.0,841325,1
JoeLew ,1.0,417623.0,417623,1
Joel Adams ,182.0,463865.0,59849309,2
Joel Corry ,116.0,394531.0,33780521,2
Joey Bada$$ ,13.45,253317.6,48277138,1
John Carpenter ,5.0,339489.0,1476469,1
John Denver ,4.0,447070.3333333333,4623574,1
John Legend ,63.7,316234.8,103162388,1
John Lennon ,96.5,1505471.5,83198490,0
John Mayer ,9.047619047619047,402451.8095238095,53847962,1
John Mellencamp ,3.0,211707.66666666666,2040924,1
John Prine ,1.0,308823.3333333333,926470,1
Johnny Mathis ,2.0,458171.0,3344115,1
Joji ,52.1219512195122,606428.0975609756,762838907,1
Jon Bellion ,21.333333333333332,274131.1666666667,77259792,1
Jon Pardi ,90.2,250561.0,84000049,1
Jonas Blue ,112.0,392956.6666666667,204134833,2
Jonas Brothers ,34.84,674958.68,360346599,1
Jonathan Groff ,14.0,306708.5,7455931,1
Joni Mitchell ,3.0,584524.0,1330005,1
Jordan Davis ,117.6,276884.4,150894161,2
Jordan Smith ,3.0,351612.0,939299,1
Jordi Rivera ,2.0,229865.0,421389,1
Jorja Smith ,13.0,423817.5,8676121,1
Joseph Yap ,1.0,202894.0,202894,1
Josh Gad ,2.0,235773.0,462385,1
Josh Groban ,1.5,239324.5,785354,1
Josh Turner ,38.0,232592.0,14055525,1
Joshua Bassett ,1.3333333333333333,358386.0,1344466,1
Joshua Hyslop ,1.0,75686.0,75686,1
José Feliciano ,222.0,3233033.0,128148147,0
Journey ,213.5,307725.5,95219945,2
Joy Again ,185.0,325897.0,45955297,2
Joyner Lucas ,21.928571428571427,395839.5714285714,98100498,1
Judy Garland ,78.5,1086944.0,55437491,0
Juice WRLD ,132.0,1210371.5054945054,4857996474,3
Juicy J ,5.0,358212.0,1323176,1
Julia Michaels ,82.57142857142857,435736.0,208768965,1
Jung Kook ,3.5,387778.0,2134743,1
Justin Bieber ,81.27692307692308,830415.676923077,2143327124,3
Justin Timberlake ,30.73913043478261,381631.6956521739,230168556,1
K CAMP ,56.0,181151.0,30078990,1
K/DA ,7.666666666666667,317663.3333333333,5581662,1
KAROL G ,64.33333333333333,393152.55555555556,201285371,1
KAYTRANADA ,1.0,265658.0,265658,1
KIDS SEE GHOSTS ,15.88888888888889,984698.5555555555,69827006,0
KJoke ,1.0,271892.0,271892,1
KONGOS ,27.0,68773.0,1503848,1
KREAM ,95.0,223306.0,16323512,1
KSI ,7.0,370503.0,1955556,1
KYLE ,121.66666666666667,565511.6666666666,348177691,2
Kaash Paige ,4.0,209972.0,1697012,1
Kacey Musgraves ,5.333333333333333,368508.71428571426,31927691,1
Kali Uchis ,201.5,735877.5,167289807,2
Kalin and Myles ,13.0,83732.0,937874,1
Kane Brown ,75.93333333333334,374825.5333333333,313798874,1
Kansas ,3.0,265357.0,621363,1
Kanye West ,62.065934065934066,1197391.2637362638,1855866306,3
Karinah ,2.0,317104.0,524978,1
Kaskade ,1.0,62739.0,62739,1
Kat Dahlia ,51.0,97081.0,3692709,1
Kate Bush ,182.0,2430143.0,163034803,0
Kate Havnevik ,25.0,206857.0,2166063,1
Katie Gregson,2.0,340415.0,599870,1
Katy Perry ,40.96153846153846,350762.07692307694,216516939,1
Kay Flock ,7.0,316892.0,1845943,1
Kay Starr ,14.0,643285.0,11676948,1
Kayla Nicole ,14.0,247935.0,3203317,1
Keala Settle ,137.0,550029.0,41268449,2
Kehlani ,11.333333333333334,376768.9666666667,104077929,1
Keith Urban ,65.83333333333333,185041.66666666666,47663054,1
Kelly Clarkson ,32.7,576804.3,141146026,1
Kelsea Ballerini ,24.142857142857142,270403.0,26895863,1
Kendrick Lamar ,95.44285714285714,1574163.3142857142,2645373070,3
Kenny Chesney ,26.333333333333332,323103.3333333333,10811767,1
Kenny Loggins ,13.0,262752.0,3163560,1
Kenny Rogers ,2.0,410322.0,651303,1
Kenshi Yonezu ,29.0,360201.0,7883030,1
Kent Jones ,99.0,520140.5,86645688,2
Kesha ,22.692307692307693,306557.46153846156,90904131,1
Kevin Abstract ,1.0,235080.0,235080,1
Kevin Gates ,67.625,264695.0625,254047857,1
Key Glock ,11.5,278372.5,5478615,1
Keyliu ,1.0,346725.3333333333,1040176,1
Keys N Krates ,1.0,238573.0,238573,1
Khalid ,116.08888888888889,724237.1333333333,2105107504,3
Kid Cudi ,25.473684210526315,880688.3684210526,314121032,0
Kid Ink ,82.57142857142857,136578.0,70506372,1
Kid Rock ,5.0,347978.0,1259418,1
Kid Trunks ,1.0,290598.0,290598,1
Kiesza ,98.0,175539.0,9027690,1
Kiiara ,75.33333333333333,261059.33333333334,150988845,1
Killer Mike ,1.0,271763.0,271763,1
Kim Cesarion ,23.0,70946.0,1363464,1
Kina ,55.0,267313.0,12418217,1
King Princess ,117.0,419779.0,31846652,2
King Von ,18.5,347844.1666666667,63814405,1
Kings of Leon ,2.75,192604.0,3551687,1
Kinneret ,5.0,361510.0,1406684,1
Kodak Black ,87.2051282051282,480006.76923076925,1273411872,2
Koe Wetzel ,1.8,321148.2,2687645,1
Kontra K ,1.0,286827.0,286827,1
Krewella ,4.0,89839.0,328351,1
Kris Kross Amsterdam ,41.0,391510.0,11779292,1
Kris Wu ,6.0,311593.0,1181075,1
Kristen Bell ,5.0,252592.0,1178044,1
Kristin Chenoweth ,1.0,275770.0,275770,1
Kungs ,128.0,506036.0,36008168,2
Kygo ,47.093023255813954,402399.20930232556,553152134,1
Kyle Dixon & Michael Stein ,3.0,317907.0,777154,1
Kylie Minogue ,30.0,1013360.0,11379290,0
LANCO ,54.0,240496.0,22063639,1
LANY ,10.0,280062.0,18345677,1
LE SSERAFIM ,2.0,270462.0,522228,1
LISA ,40.5,452467.0,26346141,1
LISTENBEE ,7.0,109511.0,594050,1
LPB Poody ,44.0,292800.0,9882856,1
La La Land Cast ,6.0,169287.0,943206,1
Labrinth ,40.666666666666664,412319.55555555556,105106157,1
Lady A ,28.0,79500.0,1588289,1
Lady Gaga ,27.365853658536587,541360.8536585366,425766713,1
Lainey Wilson ,2.0,263929.0,518312,1
Lana Del Rey ,6.928571428571429,315018.91071428574,88964856,1
Latto ,88.33333333333333,315826.0,82737867,1
Laura Les ,2.0,229458.0,456094,1
Laura Welsh ,4.0,74009.0,289026,1
Lauren Daigle ,54.0,296776.0,12786610,1
Lauren Jauregui ,1.0,227493.0,227493,1
Lauren Spencer Smith ,78.5,874392.0,62906557,0
Lauv ,67.32,400606.12,499399859,1
Leah Kate ,64.0,398684.0,18922207,1
Lean Trap ,14.0,228191.0,2946201,1
Ledinsky ,1.0,131493.0,131493,1
Lee Brice ,73.6,207859.4,63777528,1
Lee Greenwood ,5.0,346399.0,1405004,1
Leighton Meester ,1.0,60357.0,60357,1
Leith Ross ,3.0,298431.0,758614,1
Len ,1.0,268821.0,268821,1
Lennon Stella ,2.5,255821.5,1186046,1
Leon Bridges ,1.75,260364.75,1621457,1
Leona Lewis ,8.5,352246.0,5976230,1
Leonard Cohen ,1.0,150025.0,150025,1
Leslie Odom Jr. ,10.666666666666666,257966.33333333334,7893504,1
Lewis Capaldi ,348.0,532663.8,650332885,2
Liam Payne ,69.71428571428571,503459.0,180656614,1
Liana Flores ,34.0,281451.0,8815796,1
Life of Dillon ,1.0,129306.5,258613,1
Likybo ,6.0,264734.0,1468307,1
Lil Adrei ,9.0,366753.0,3087417,1
Lil Baby ,55.161904761904765,617651.4571428571,2166066347,3
Lil Dicky ,152.66666666666666,703956.3333333334,148109188,2
Lil Durk ,33.5,393188.7727272727,234795797,1
Lil Eazzyy ,28.5,258717.0,13332379,1
Lil Monet ,2.0,270856.0,527641,1
Lil Mosey ,156.4,544970.8,681514445,2
Lil Nas X ,89.8,1147465.6,1650430014,3
Lil Peep ,35.21739130434783,454937.39130434784,260792507,1
Lil Pump ,35.38461538461539,436837.8846153846,334322186,1
Lil Skies ,87.0909090909091,419164.9090909091,574945424,1
Lil Tecca ,51.03448275862069,459562.3103448276,635787431,1
Lil Tjay ,50.04,481627.48,451897255,1
Lil Uzi Vert ,114.40845070422536,1134997.690140845,2915127161,3
Lil Wayne ,21.576271186440678,1078627.593220339,502648932,0
Lil Xan ,187.5,442743.0,140466675,2
Lil Yachty ,19.456521739130434,402323.5869565217,244954207,1
Lilly Wood and The Prick ,115.5,158937.0,21721258,2
Lily Allen ,1.0,74488.0,74488,1
Lin,5.666666666666667,263476.6666666667,4082270,1
Linkin Park ,4.464285714285714,379326.75,32611582,1
Lit ,1.0,52701.0,52701,1
Little Big Town ,35.75,176887.75,17175357,1
Little Mix ,48.0,270910.5,64337035,1
Little Nell ,6.0,486207.0,1825585,1
Lizzo ,110.92307692307692,645449.6153846154,709504980,2
Logic ,19.633333333333333,565897.8666666667,915631386,1
London On Da Track ,7.0,264948.0,1441294,1
Loote ,39.0,216702.0,6947609,1
Lord Huron ,203.0,361454.0,99600329,2
Lorde ,23.96551724137931,442894.0344827586,152248436,1
Loren Allred ,58.0,336606.0,14813245,1
Los Del Limit ,2.0,275489.0,522759,1
Los Legendarios ,77.0,411269.0,25351520,1
Lost Frequencies ,41.0,137079.0,3572694,1
Lost Kings ,1.0,202493.0,607479,1
Lou Monte ,4.0,553789.5,3180782,1
Loud Luxury ,179.0,674679.0,64219434,2
Louis Armstrong ,11.75,457972.0,16930322,1
Louis The Child ,11.5,288171.0,19345277,1
Louis Tomlinson ,49.5,471522.5,44659982,1
Lovejoy ,3.0,297391.45454545453,8850866,1
Lucky Daye ,9.0,263179.0,2202583,1
Ludacris ,4.0,156835.33333333334,1265671,1
Luis Fonsi ,239.33333333333334,1129646.6666666667,385568305,0
Lukas Graham ,159.0,519797.0,157557367,2
Luke Bryan ,54.125,166198.1875,104655637,1
Luke Christopher ,100.0,297040.0,22827896,1
Luke Combs ,88.85365853658537,502170.60975609755,987159143,2
Lunay ,80.0,394160.5,48911446,1
LunchMoney Lewis ,16.5,108924.0,3005041,1
Lynyrd Skynyrd ,27.0,442939.0,6886801,1
LÉON ,4.0,133001.5,941105,1
M City JR ,49.0,174081.0,7028634,1
M.I.A. ,9.0,255986.0,1701013,1
M.O ,2.0,214719.0,339596,1
M83 ,20.5,232243.0,3301806,1
MAGIC! ,148.0,215899.0,42701759,2
MARINA ,23.5,169409.5,10558356,1
MAX ,51.75,284569.5,50520734,1
MC Ty ,1.0,166659.0,166659,1
MEDUZA ,28.75,286455.25,28152695,1
MF DOOM ,1.0,291982.3333333333,875947,1
MGMT ,4.0,241053.0,891987,1
MHS ,1.0,236367.0,236367,1
MKTO ,106.66666666666667,162693.33333333334,44042206,1
MOGUAI ,2.0,114261.0,210063,1
MUNA ,8.0,224061.0,1206223,1
Mabel ,73.5,407052.5,47551390,1
Mac DeMarco ,11.75,255545.0,11829463,1
Mac Miller ,20.542857142857144,577627.1285714286,452784104,1
Machine Gun Kelly ,33.12765957446808,478742.74468085106,538302612,1
Macklemore ,103.66666666666667,485659.6666666667,106494053,2
Macklemore & Ryan Lewis ,64.0,246645.83333333334,59233618,1
Madcon ,1.0,76444.0,76444,1
Madden ,2.5,170566.5,700368,1
Maddie & Tae ,46.5,187495.5,21632665,1
MadeinTYO ,135.6,267197.4,142148720,2
Madeon ,2.0,73648.0,145103,1
Madison Beer ,33.8,289926.8,45285562,1
Madonna ,1.0,152081.5,304163,1
Madvillain ,1.0,291577.5,583155,1
Maggie Lindemann ,145.0,414353.0,41965006,2
Maggie Rogers ,2.6666666666666665,292731.8333333333,3552001,1
Majid Jordan ,1.0,211895.0,847580,1
Major Lazer ,126.58333333333333,510868.0833333333,526168112,2
Maliibu N Helene ,5.0,88829.0,380301,1
Maluma ,46.44444444444444,355935.55555555556,114659790,1
Manfred Mann ,1.0,70648.0,70648,1
Manuel Turizo ,131.0,459579.0,46825328,2
Marc E. Bassy ,72.33333333333333,347611.3333333333,74650155,1
Maren Morris ,32.833333333333336,330444.6666666667,55742921,1
Mariah Carey ,63.0,801739.5,388747174,1
Mariami ,1.0,316597.0,316597,1
Marian Hill ,27.5,197759.25,26700566,1
Marilyn Manson ,2.5,326166.5,1110814,1
Mark Ronson ,97.0,411494.28571428574,187174268,2
Marlon Roudette ,7.0,140156.0,624308,1
Maroon 5 ,117.38461538461539,428392.26923076925,991538062,2
Marshmello ,90.21428571428571,521626.03571428574,1006632743,2
Martin Garrix ,56.625,398927.3125,334340575,1
Martin Jensen ,140.0,319578.0,35182986,2
Martin Solveig ,7.0,109607.0,658475,1
Marvin Divine ,1.0,737521.0,737521,1
Marvin Gaye ,10.0,303332.5,4661159,1
Mary J. Blige ,2.0,196179.0,712204,1
Mary Lambert ,11.0,54924.0,573525,1
Maryli Morett ,1.0,321161.0,321161,1
Masked Wolf ,290.0,1028047.0,155387513,2
Mason Ramsey ,11.0,507212.0,9855369,1
Matoma ,89.66666666666667,200177.66666666666,43612427,1
Matt Maltese ,48.0,347444.0,12239415,1
Matt Simons ,1.0,115111.0,115111,1
Matt Terry ,26.0,274989.0,5568177,1
Matthew Koma ,8.0,90276.0,647743,1
Matthew Wilder ,15.0,322851.0,4127339,1
Maty Noyes ,122.0,309624.0,28076264,2
Mayar Jenisk ,2.0,404238.0,767525,1
Meat Loaf ,1.25,286181.25,1366523,1
Meek Mill ,29.53030303030303,369798.25757575757,640005056,1
Megan Moroney ,35.0,311135.0,9400072,1
Megan Thee Stallion ,52.705882352941174,544985.3529411765,674033466,1
Meghan Trainor ,91.2,370383.3333333333,308003128,1
Melanie Martinez ,19.428571428571427,285116.5714285714,78107939,1
Metallica ,28.5,417796.5,43499381,1
Metro Boomin ,37.41379310344828,975603.5862068966,515770643,0
MiC LOWRY ,86.0,234840.0,15186329,1
Michael Bublé ,62.705882352941174,616688.2941176471,379896110,1
Michael Jackson ,12.8,580998.8,22634444,1
Michael Ray ,12.0,92338.0,956713,1
Michelle Williams ,24.0,223801.0,4759531,1
Migos ,54.6865671641791,676819.0746268657,1512239646,1
Miguel ,41.54545454545455,231978.0,152017879,1
Miike Snow ,8.0,124818.0,937288,1
Mike Dimes ,6.0,297065.0,1537483,1
Mike Perry ,83.5,314630.5,54647283,1
Mike Posner ,67.42857142857143,317135.28571428574,188424503,1
Mike WiLL Made,28.375,264457.0,43650905,1
Miley Cyrus ,24.264705882352942,437487.5,281596649,1
Milky Chance ,353.0,217719.0,49660656,2
Mir0sama ,2.0,218901.0,436317,1
Miranda Lambert ,4.333333333333333,167340.66666666666,1710079,1
Missing Seoul ,1.0,231538.0,231538,1
Missy Elliott ,11.666666666666666,172658.0,8039179,1
MisterWives ,55.333333333333336,89378.0,11696006,1
Mitchell Tenpenny ,8.5,246334.5,3688062,1
Mitski ,16.416666666666668,306898.1666666667,46349520,1
Mobb Deep ,1.0,248937.0,248937,1
Modest Mouse ,9.0,81416.0,644860,1
MohandBadz ,1.0,259958.0,259958,1
Money Man ,73.5,413900.0,49903057,1
Moneybagg Yo ,25.529411764705884,327995.8823529412,116073055,1
Monsieur Periné ,24.0,404745.0,6938660,1
Montell Fish ,29.0,454068.0,9961390,1
Moon Taxi ,64.0,237319.0,12486957,1
Mooski ,62.0,312145.0,15985906,1
Mora ,31.0,489529.0,8043621,1
Morgan Wallen ,142.9047619047619,748736.4047619047,1883474135,3
Mother Mother ,56.666666666666664,271266.6666666667,45414116,1
Motörhead ,1.0,95772.0,95772,1
Moxie Raia ,7.0,123239.0,626599,1
Mozzy ,14.0,423753.0,3918632,1
Mr Eazi ,1.0,279712.0,279712,1
Mr. Probz ,65.0,150153.66666666666,26016951,1
Mr.Kitty ,151.0,303811.0,37792811,2
Ms. Lauryn Hill ,1.0,77863.0,77863,1
Mumford & Sons ,16.625,221848.125,35229345,1
Muni Long ,69.0,385296.0,21356296,1
Mura Masa ,1.5,222782.0,728020,1
Murda Beatz ,3.0,253036.0,669155,1
Muscadine Bloodline ,1.0,239627.0,239627,1
Muse ,1.0,123181.5,492726,1
Musical Youth ,56.0,485086.0,18330047,1
Mustard ,173.375,473687.375,537551000,2
My Chemical Romance ,27.5,725352.5,14725984,1
My Morning Jacket ,1.0,78748.0,78748,1
Myke Towers ,25.5,286293.0,12504968,1
Mykola Dmytrovych Leontovych ,195.0,1503257.0,71706814,0
Mystery Skulls ,1.0,84690.0,84690,1
MØ ,72.0,326289.0,64058604,1
Måneskin ,107.0,598336.3333333334,149097017,2
Møme ,101.0,186011.0,13880878,1
N.E.R.D ,30.6,394408.4,45186563,1
N.W.A. ,24.5,136546.0,5327896,1
NAV ,22.720588235294116,397204.6911764706,449838213,1
NEIKED ,321.0,883029.0,129400161,2
NERVO ,1.0,79002.0,79002,1
NF ,24.548387096774192,387539.4516129032,268154318,1
NLE Choppa ,55.95454545454545,411668.3181818182,457747268,1
NOTD ,37.0,426065.0,21777770,1
Nardo Wick ,102.75,447501.75,138398587,2
Nas ,2.7142857142857144,369279.35714285716,12721440,1
Nat King Cole ,46.333333333333336,1049253.0,264408582,0
Nat King Cole Trio ,10.5,447374.0,7707750,1
Natalie Cole ,2.0,240694.0,456794,1
Natalie La Rose ,96.0,240836.0,39985199,1
Nate Ruess ,31.0,119746.0,2760884,1
Nate Smith ,121.0,409434.0,31720619,2
Nathaniel Rateliff & The Night Sweats ,2.0,101938.0,190374,1
Natti Natasha ,55.0,209139.0,10525473,1
Naughty Boy ,1.0,99417.0,99417,1
Nause ,78.0,252948.0,14248284,1
Ne,149.0,286697.0,21102722,2
Nebu Kiniza ,101.0,249486.5,38825640,1
Neil Diamond ,2.0,249494.0,463807,1
Nelly ,67.8,209176.8,80889100,1
Nelly Furtado ,39.5,344295.0,17403517,1
Neon Trees ,304.0,255596.0,68460789,2
Nessa Barrett ,14.0,304800.5,7453042,1
Netsky ,1.0,273404.0,273404,1
Nevada ,93.0,401350.0,24629480,1
New Politics ,7.0,81052.5,896589,1
NewJeans ,6.0,375766.0,4427436,1
NexXthursday ,25.0,190473.0,4087377,1
NextYoungin ,46.0,316285.0,11456125,1
Niall Horan ,55.09090909090909,419774.63636363635,190300891,1
Nic D ,1.0,225871.0,225871,1
Nick Jonas ,40.529411764705884,233856.9411764706,157895906,1
Nicki Minaj ,45.018181818181816,424256.58181818185,557598312,1
Nicky Jam ,91.8,287355.2,95781235,1
Nicky Youre ,238.0,642413.0,100753638,2
Nico & Vinz ,102.25,164698.0,50202166,1
Nicole Atkins ,2.0,140965.0,206676,1
Nigo ,8.5,396698.5,4838228,1
Niko Moon ,2.0,211055.0,419996,1
Nina Nesbitt ,4.0,402606.0,1355522,1
Nio Garcia ,93.2,372513.0,152498768,1
Nipsey Hussle ,14.153846153846153,437797.0,58389598,1
Nirvana ,89.8,360302.0,119649236,1
Nitty Gritty Dirt Band ,1.0,233294.0,233294,1
Niykee Heaton ,9.0,80886.0,629598,1
No Name No Fame ,4.0,368101.0,1134877,1
No Rome ,1.0,302524.0,302524,1
Noah Cyrus ,222.66666666666666,372908.3333333333,176298349,2
Noah Kahan ,86.5,429866.0,59755507,1
Noah Schnacky ,1.0,202775.0,202775,1
Noname ,1.0,429893.0,429893,1
Norah Jones ,2.0,377178.0,663318,1
Norman Greenbaum ,1.0,242997.0,242997,1
Normani ,28.8,446391.8,50723697,1
O.T. Genasis ,188.0,273005.5,67574182,2
OB OBrien ,30.0,123143.0,2186414,1
ODESZA ,1.6,295061.2,2053532,1
OMI ,131.0,356386.5,113004870,2
Oasis ,4.5,139436.0,936842,1
Oda Kirkwood ,3.0,389710.0,985649,1
Of Monsters and Men ,8.666666666666666,96162.66666666667,3336640,1
Offset ,76.36842105263158,525986.5263157894,566828215,1
Old Dominion ,123.0,235643.0,119753920,2
Oliver Tree ,30.285714285714285,317849.0,72482197,1
Olivia Holt ,112.0,335764.0,29180302,2
Olivia Newton,1.0,254280.0,254280,1
Olivia Rodrigo ,310.6666666666667,2717499.6666666665,2075107764,3
Olly Murs ,21.0,99755.33333333333,5541665,1
Omah Lay ,2.0,498273.0,752721,1
Omar Apollo ,106.0,776748.0,51419831,2
Omarion ,125.0,220760.66666666666,68066894,2
One Direction ,33.31111111111111,304856.4666666667,276487808,1
OneRepublic ,57.0,325341.5,310105620,1
Only The Family ,11.0,267056.0,5225388,1
Otis Redding ,4.333333333333333,389429.6666666667,4718557,1
Otto Knows ,23.0,118470.0,1983792,1
Outkast ,9.333333333333334,267202.3333333333,4282035,1
Owl City ,1.0,83291.0,83291,1
Ozuna ,21.733333333333334,319074.93333333335,81780436,1
Ozzy Osbourne ,2.0,421288.0,666625,1
P!nk ,35.375,288080.75,66258983,1
PARTYNEXTDOOR ,34.142857142857146,371990.0,167253204,1
POWERS ,3.5,116711.0,841745,1
PSY ,4.0,219741.0,2095477,1
PVRIS ,1.0,103121.0,103121,1
Palisades ,9.0,62242.0,476587,1
Panic! At The Disco ,47.81481481481482,341206.44444444444,349914485,1
Paper Route EMPIRE ,1.0,251322.0,251322,1
Paramore ,15.7,316321.1,34597493,1
Pardison Fontaine ,9.0,236569.0,1927938,1
Parker McCollum ,59.0,294865.0,13624667,1
Party Favor ,1.0,128190.0,128190,1
Passenger ,315.0,197021.0,30069845,2
Passion Pit ,4.0,92816.0,307783,1
Paul McCartney ,67.33333333333333,1491034.6666666667,99225164,0
Paul Rosenberg ,19.0,1477055.0,9420000,0
Paul Simon ,1.5,261127.0,673962,1
Paulo Londra ,1.0,218187.0,218187,1
Peach Tree Rascals ,63.0,295276.0,15708841,1
Pedro Capó ,106.0,333711.0,26847185,2
Peggy Lee ,7.5,555775.5,5200926,1
Pentatonix ,17.608695652173914,205843.95652173914,75187603,1
Perry Como ,60.0,1068815.4,137293950,0
Peso Pluma ,1.0,236497.0,236497,1
Peter J. Wilhousky ,2.0,140394.0,225330,1
Peter Manos ,20.0,317787.0,5080154,1
Petit Biscuit ,140.0,319673.0,36146543,2
Phantogram ,1.0,147687.0,147687,1
Pharrell Williams ,35.5,458972.125,72928305,1
Phil Collins ,1.0,143886.0,143886,1
Phillipa Soo ,15.0,288676.0,3748122,1
Phoebe Bridgers ,1.0,327024.0,327024,1
Phoebe Ryan ,7.0,162224.0,728306,1
Pia Mia ,66.5,180019.0,17884310,1
Pierce The Veil ,23.333333333333332,317997.6666666667,18523234,1
Pink Floyd ,2.0,72431.0,128806,1
PinkPantheress ,31.285714285714285,309756.5714285714,66159139,1
Pitbull ,94.28571428571429,194943.57142857142,94415967,1
Pi’erre Bourne ,1.0,293363.0,586726,1
Playboi Carti ,37.08888888888889,593356.911111111,552770304,1
Plies ,2.0,119745.0,228173,1
PnB Rock ,66.33333333333333,363420.3333333333,130183739,1
Polo G ,62.73076923076923,575628.3653846154,1254371578,1
Pooh Shiesty ,72.5,383317.0,106821390,1
Pop Smoke ,55.254901960784316,633220.6862745098,1088188025,1
Popp Hunna ,38.0,329487.0,10131451,1
Porky Slim ,9.0,796140.0,3773824,1
Porter Robinson ,2.3333333333333335,281369.6666666667,1920131,1
Portugal. The Man ,331.0,756792.0,129571919,2
Post Malone ,223.1159420289855,1672631.7826086956,7400199432,3
Powfu ,478.0,797933.0,200371352,2
Pretenders ,2.0,387847.0,677972,1
Prince ,2.0,195715.5,2057009,1
Prince Royce ,52.0,114129.0,4210798,1
Priory ,22.0,69264.0,1328201,1
Prxxy ,1.5,194327.5,580361,1
Purity Ring ,1.6666666666666667,77264.0,373093,1
Pusha T ,6.136363636363637,467325.45454545453,43351288,1
Pyotr Ilyich Tchaikovsky ,3.0,519780.0,1297070,1
Quality Control ,44.54545454545455,382120.63636363635,181058764,1
Quavo ,19.695652173913043,576926.5652173914,162118039,1
Queen ,95.77777777777777,364574.3333333333,233491218,1
Queen Naija ,1.0,229463.0,229463,1
Quinn XCII ,1.8888888888888888,311402.44444444444,4718702,1
R. City ,128.0,295766.0,60376228,2
R. Kelly ,77.5,148463.5,15796898,1
R3HAB ,8.857142857142858,214020.0,13346049,1
RAC ,2.0,103137.0,188939,1
RAYE ,24.0,545431.0,10733718,1
RL Grime ,1.0,337457.0,337457,1
RM ,1.2857142857142858,378115.14285714284,3284050,1
ROSALÍA ,33.857142857142854,435040.85714285716,72951194,1
ROSÉ ,11.5,370021.5,6457671,1
ROZES ,1.0,362348.0,362348,1
Rachel Platten ,112.5,235449.5,39175905,2
Radiohead ,4.5,186853.0,1476712,1
Rae Sremmurd ,133.375,472973.7916666667,822524303,2
Rainbow Kitten Surprise ,24.0,273917.0,5896253,1
Rap Nation ,3.0,227729.0,677169,1
Rascal Flatts ,72.0,149719.0,9121784,1
Rauw Alejandro ,48.5,383706.5,102131034,1
Ray Parker Jr. ,30.0,1658952.0,13381261,0
RealestK ,33.0,385127.0,9744672,1
Rebel Wilson ,1.0,76980.0,76980,1
Red Hot Chili Peppers ,4.222222222222222,193032.0,5994522,1
Red Velvet ,1.0,236400.0,236400,1
RedOne ,1.0,136618.0,136618,1
Redbone ,1.0,177297.0,177297,1
Redfoo ,32.0,146323.0,3329905,1
Regard ,50.5,366023.0,26738977,1
Regina Spektor ,1.0,159066.0,159066,1
Reik ,12.0,209589.0,2300387,1
Rema ,102.0,400319.0,30698893,2
Renée Elise Goldsberry ,17.5,298830.5,9039323,1
Rex Orange County ,3.3333333333333335,327233.9166666667,11326869,1
Rich Brian ,2.1,278606.1,5022019,1
Rich Gang ,168.0,175528.0,18845791,2
Rich Homie Quan ,441.0,423842.0,86829715,2
Rich The Kid ,38.629629629629626,396785.962962963,419620191,1
Rick James ,5.0,591895.0,1685277,1
Rick Ross ,4.6875,294404.75,20313751,1
Ricky Montgomery ,128.0,295793.0,60313011,2
Rihanna ,106.36,437761.68,759586397,2
Riley Green ,3.0,271063.0,716589,1
Rita Ora ,39.857142857142854,284006.4285714286,63387615,1
Riton ,47.0,287726.0,10832638,1
Ritt Momney ,277.0,713447.0,99070218,2
Rixton ,18.0,107074.0,2665397,1
Roar ,91.0,224634.0,18955615,1
Rob $tone ,234.5,470967.5,159262972,2
Robert DeLong ,5.0,68638.0,318217,1
Robin Schulz ,105.0,219347.4,103468002,1
Robin Thicke ,9.0,87123.5,1432883,1
Robyn ,1.0,261903.0,261903,1
Rockwell ,14.0,1181045.0,7075416,0
Rod Stewart ,1.0,123742.0,123742,1
Rod Wave ,17.08695652173913,391239.1304347826,261466974,1
Roddy Ricch ,56.172413793103445,530066.275862069,879245260,1
Rodney Atkins ,5.0,235274.0,1073952,1
Romeo Santos ,2.5,316502.5,1405458,1
Ronny J ,1.0,242032.0,242032,1
Rosa Linn ,88.0,377135.0,25972464,1
Rosa Walton ,23.0,330238.0,6538766,1
Rowdy Rebel ,1.0,239570.0,239570,1
Roy Woods ,3.5,129870.0,1066116,1
Rudimental ,149.0,475942.0,85062924,2
Rufus Wainwright ,1.0,125909.0,125909,1
Run The Jewels ,2.9166666666666665,300557.1666666667,9550454,1
Run–D.M.C. ,3.0,407012.0,1046465,1
Rush ,1.0,232468.0,232468,1
Russ ,44.903225806451616,324858.9032258064,322981851,1
Russell Dickerson ,57.666666666666664,267715.0,37766832,1
Rusted Root ,1.0,275917.0,275917,1
Ruth B. ,276.5,309213.5,125300819,2
Rvssian ,2.0,293147.0,509416,1
Ryan Adams ,2.7,129055.2,3182374,1
Ryan Gosling ,4.0,243441.0,709940,1
Ryan Hurd ,121.0,292056.0,28480751,2
Ryn Weaver ,1.0,80060.0,160120,1
SAINt JHN ,144.66666666666666,536068.0,201976794,2
SALES ,26.0,351475.0,6723372,1
SAYGRACE ,165.0,391102.0,32396064,2
SEB ,5.0,244616.0,1133480,1
SHAED ,79.0,537427.0,54617455,1
SNBRN ,13.0,112387.0,1034241,1
SOB X RBE ,91.0,829908.0,34212750,2
SZA ,55.97435897435897,1263701.923076923,1025053796,0
Sabrina Carpenter ,27.142857142857142,370467.71428571426,43460553,1
Sada Baby ,11.5,325865.0,5515339,1
Sadie Jean ,5.0,299804.0,1307357,1
Sage The Gemini ,53.5,229461.0,28251900,1
Said The Sky ,1.0,248146.0,248146,1
Sam Cooke ,1.0,217499.0,434998,1
Sam Feldt ,66.0,302480.0,37672984,1
Sam Fischer ,43.5,288714.5,19702532,1
Sam Hunt ,114.05882352941177,309090.23529411765,425789789,2
Sam Smith ,70.56521739130434,458976.17391304346,940658835,1
San Holo ,75.0,301573.0,17658328,1
Santana ,2.0,306229.0,510648,1
Sara Kays ,45.0,263956.0,10277179,1
Sarah Connor ,2.0,451361.0,783909,1
Sarah Cothran ,49.0,263058.0,11449911,1
Sasha Alex Sloan ,4.0,313297.0,924347,1
Saweetie ,87.85714285714286,478777.0,234644331,1
ScHoolboy Q ,27.625,363852.21875,196010079,1
Screamin' Jay Hawkins ,5.0,574081.0,1598611,1
Sean Kingston ,5.0,275544.0,1198266,1
Sean Paul ,18.333333333333332,201484.33333333334,14901286,1
Seaside Resort ,1.0,205159.0,205159,1
Sebastian Yatra ,28.0,298154.3333333333,27852476,1
Sech ,30.333333333333332,322013.0,49518702,1
Seeb ,3.0,196072.5,1264456,1
Selena Gomez ,65.55555555555556,618650.6388888889,853601162,1
Seth MacFarlane ,6.0,235673.0,829213,1
Sevyn Streeter ,2.0,96996.0,179016,1
Shaggy ,19.5,178008.5,4046069,1
Shakin' Stevens ,4.0,525891.5,3319110,1
Shakira ,25.666666666666668,353879.3333333333,55232443,1
Shallou ,1.0,162102.0,162102,1
Shawn Hook ,96.0,225427.5,32775595,1
Shawn Mendes ,61.48,525548.18,1161694885,1
She & Him ,1.5,124460.0,317462,1
Sheck Wes ,421.0,1709407.0,289673118,0
Sheff G ,24.0,251683.0,5627997,1
Sheppard ,265.0,208057.0,31537349,2
Shoffy ,12.0,139540.0,1579371,1
Shordie Shordie ,53.0,265697.0,12363017,1
Shoreline Mafia ,21.0,240720.0,4637244,1
Shotgun Shane ,2.0,369675.0,731869,1
SiM ,10.5,296393.0,5425219,1
SiR ,7.0,457648.0,1792678,1
Sia ,63.275862068965516,346736.7931034483,467583709,1
Sigala ,61.0,176085.0,7355933,1
Sigrid ,1.0,167135.0,167135,1
Silentó ,242.0,475998.0,58353609,2
Silk City ,28.5,468204.5,24002832,1
Simple Minds ,1.0,94186.0,94186,1
Ski Mask The Slump God ,26.444444444444443,446783.77777777775,241775122,1
Skrillex ,69.66666666666667,521993.3333333333,54387293,1
Skylar Grey ,11.333333333333334,257760.66666666666,10231848,1
SleazyWorld Go ,27.5,296812.5,14520450,1
Sleeping At Last ,2.0,75123.0,141685,1
Sleepy Hallow ,155.5,646964.25,240478985,2
Slicktor Victor ,1.0,203833.0,203833,1
Slipknot ,1.2857142857142858,239027.42857142858,2169946,1
Smallpools ,1.0,83381.0,83381,1
Smash Mouth ,2.0,63735.0,118334,1
Smiley ,62.0,799735.0,23907104,1
Smino ,5.0,516468.0,1556856,1
Smokepurpp ,51.2,288371.8,60367306,1
Snakehips ,87.5,288618.5,87518139,1
Snoop Dogg ,5.5,174884.5,3647456,1
Snow Patrol ,2.0,150108.0,218648,1
SoFaygo ,94.0,259109.0,21263127,1
SoMo ,3.0,96947.0,277675,1
Social House ,220.0,382674.0,57010632,2
Sofi Tukker ,1.0,194761.0,194761,1
Sofia Karlberg ,37.0,90902.0,2751788,1
Soft Cell ,1.0,212994.0,212994,1
Sofía Reyes ,16.5,353194.0,9802575,1
Solange ,2.6666666666666665,313668.73333333334,9528792,1
Soleima ,1.0,186533.0,186533,1
Solkatt ,1.0,265193.0,265193,1
Soulja Boy ,2.0,89369.0,169352,1
Soundgarden ,1.4285714285714286,268360.0,2643485,1
Southside ,16.0,668388.0,5156031,1
Spice Girls ,4.0,133273.0,391693,1
SpotemGottem ,92.0,499363.0,32841611,1
St. Lucia ,1.0,88755.0,88755,1
Stan Kenton ,18.0,456779.0,6491218,1
Stanaj ,67.0,295059.0,15914362,1
StarBoi3 ,67.0,433652.0,20226932,1
Stargate ,1.0,176996.0,176996,1
Starley ,126.5,505977.0,94567817,2
State of Sound ,59.0,214205.0,9802713,1
StaySolidRocky ,133.5,1162298.0,144469880,0
Stephanie Beatriz ,83.66666666666667,490229.3333333333,93405948,1
Stephen Sanchez ,126.0,564169.5,109110696,2
Steve Angello ,1.0,84998.0,84998,1
Steve Aoki ,28.0,323670.5,48509848,1
Steve Lacy ,78.63636363636364,572893.5454545454,556521342,1
Stevie Nicks ,1.0,198223.0,396446,1
Stevie Wonder ,20.0,606316.6,35802410,1
Still Woozy ,1.0,260322.66666666666,780968,1
Stone Temple Pilots ,1.0,129625.0,388875,1
Stormzy ,6.0,456768.0,1779810,1
Straight No Chaser ,3.0,98019.0,270749,1
Stray Kids ,3.5,305574.5,1755579,1
Stromae ,1.0,77904.0,77904,1
Stunna 4 Vegas ,29.5,301645.0,14896830,1
Sub Urban ,3.0,200506.0,599087,1
Sublime ,4.0,272821.0,1338068,1
Sueco ,26.5,352139.5,16589953,1
Sugar Ray ,1.0,79149.0,79149,1
Sugarland ,8.0,315981.0,2019646,1
Suki Waterhouse ,22.0,417080.0,7030386,1
Summer Walker ,8.906976744186046,454475.67441860464,116302121,1
Supreme Cartel Fye ,1.0,283954.0,283954,1
Surf Curse ,556.0,466842.0,178535641,2
Surf Mesa ,186.0,468351.0,60238195,2
Surfaces ,105.0,402061.5,178476017,2
Swae Lee ,9.666666666666666,429067.1666666667,18735643,1
Swedish House Mafia ,19.25,512722.75,28257584,1
Sylvan Esso ,1.0,149944.0,149944,1
System Of A Down ,1.3333333333333333,275298.0,1048710,1
T,44.75,307805.25,48050789,1
T.I. ,36.714285714285715,159754.85714285713,20870534,1
THE ANXIETY ,281.0,852099.0,126861687,2
THE SCOTTS ,237.0,3345119.0,147793519,0
TLC ,4.5,127909.0,1025390,1
TOKYO’S REVENGE ,136.0,540193.0,49275156,2
TOMORROW X TOGETHER ,1.25,232114.0,1174473,1
TOOL ,2.142857142857143,359173.71428571426,9711615,1
TOTO ,193.0,261244.0,42187022,2
TV Girl ,78.0,281500.5,36831651,1
TV On The Radio ,1.0,60106.0,60106,1
TW3LVE ,1.0,518359.0,518359,1
TWENTY88 ,6.0,217651.5,1728054,1
TWICE ,2.6666666666666665,254033.33333333334,3985010,1
Tai Verdes ,167.0,451540.0,51926588,2
Tainy ,103.0,534927.5,58724347,2
Takeoff ,6.75,405957.5,26745185,1
Talking Heads ,4.0,387700.0,1092301,1
Tame Impala ,69.66666666666667,508322.4,254570331,1
Tankhead ,1.0,228748.0,228748,1
Tate McRae ,72.6,463912.8,245109833,1
Tay,221.0,564819.0,67561106,2
Tayler Buono ,36.0,229170.0,7058610,1
Taylor Swift ,34.116279069767444,1776516.9127906978,3222972346,3
Tears For Fears ,193.0,400855.0,62256647,2
Tech N9ne ,35.0,158679.33333333334,12397712,1
Tee Grizzley ,76.77777777777777,319098.8888888889,156926679,1
Temple Of The Dog ,1.0,206703.0,206703,1
Tems ,1.0,244396.0,244396,1
Terror Jr ,52.5,227261.5,24687318,1
Teyana Taylor ,1.0,292802.0,292802,1
The,9.0,106106.0,711891,1
The 1975 ,6.3076923076923075,306072.8461538461,28085777,1
The 7 Dimensions ,3.0,351336.0,870023,1
The All,1.0,135637.66666666666,406913,1
The Backseat Lovers ,49.0,252481.0,11177633,1
The Backyardigans ,9.0,273526.0,2224490,1
The Band CAMINO ,1.0,276796.0,276796,1
The Band Perry ,1.0,51321.0,51321,1
The Barden Bellas ,2.0,86958.0,153851,1
The Beach Boys ,72.0,1372021.0,62109552,0
The Beatles ,3.6285714285714286,158305.8,16538121,1
The Black Keys ,1.25,250758.25,1056970,1
The Carters ,18.333333333333332,347272.1666666667,42257321,1
The Chainsmokers ,89.06818181818181,575607.8863636364,1630284767,2
The Chicks ,2.0,384922.0,690828,1
The Citizens of Halloween ,13.0,772504.0,4216534,1
The Clash ,3.0,214878.0,557283,1
The Cranberries ,3.3333333333333335,304434.0,2727507,1
The Drifters ,2.0,195320.0,318256,1
The Five Stairsteps ,1.0,223382.0,223382,1
The Fray ,3.0,128632.0,294496,1
The Game ,29.625,283953.375,37287826,1
The Goo Goo Dolls ,97.0,318467.0,23178467,1
The Head And The Heart ,1.0,113230.0,113230,1
The J. Geils Band ,1.0,230125.0,230125,1
The Jackson 5 ,62.0,916060.75,107197536,0
The Kid LAROI ,60.55172413793103,541424.8965517242,871806046,1
The Killers ,176.2,254042.0,233839765,2
The Living Tombstone ,13.0,215192.0,2696487,1
The Longest Johns ,7.0,310436.0,1823869,1
The Low Down ,9.0,148362.0,1139970,1
The Lumineers ,19.74074074074074,251069.7037037037,81716652,1
The Naked And Famous ,1.0,146305.0,146305,1
The Neighbourhood ,281.0,294270.0,644759550,2
The Notorious B.I.G. ,5.75,229558.0,4575549,1
The Platters ,10.0,625097.0,3352294,1
The Pogues ,22.0,918124.0,8351569,0
The Proclaimers ,1.0,64832.0,64832,1
The Rare Occasions ,240.0,468246.0,73881354,2
The Rolling Stones ,1.5,192095.5,1172572,1
The Ronettes ,70.0,1262721.3333333333,113298120,0
The Roots ,2.0,174562.0,313503,1
The Script ,47.0,91592.5,6632415,1
The Strokes ,1.5714285714285714,283137.14285714284,2917245,1
The Strumbellas ,2.0,114073.0,215135,1
The Temptations ,6.0,328910.0,1255923,1
The Vamps ,70.0,213325.5,40329327,1
The Walters ,431.0,683985.0,174547021,2
The Weeknd ,134.38888888888889,1055543.7222222222,4267010379,3
The White Stripes ,3.0,146731.0,321226,1
The Wombats ,8.0,76616.0,573277,1
The xx ,5.285714285714286,210750.2857142857,7401139,1
Theophilus London ,15.0,77070.0,940636,1
Third Eye Blind ,4.0,134285.0,381609,1
Thirty Seconds To Mars ,2.0,264224.0,892199,1
Thomas Gold ,37.0,207569.0,6585848,1
Thomas Rhett ,59.9,293790.06666666665,370378989,1
Thurl Ravenscroft ,46.5,1258696.5,33408658,0
ThxSoMch ,56.0,473108.0,19600894,1
Tim Berg ,1.0,252408.0,252408,1
Tim McGraw ,62.25,89446.5,22726895,1
Timeflies ,122.0,258416.0,72470891,2
Tinashe ,46.0,114963.0,16741602,1
Tiny Meat Gang ,1.0,255365.0,255365,1
Tion Wayne ,33.0,389881.0,10103363,1
Tiësto ,53.76923076923077,300508.6923076923,194729771,1
Toby Keith ,13.0,534697.0,3781268,1
Tohi ,1.0,267814.0,267814,1
Tom Odell ,107.0,337198.0,30208862,2
Tom Petty ,3.6666666666666665,435474.0,9484222,1
Tom Petty and the Heartbreakers ,2.2,356942.2,9708438,1
Tom Walker ,3.0,232247.0,670073,1
Tones And I ,194.33333333333334,523383.3333333333,267283641,2
Tony Bennett ,11.25,552355.25,17705432,1
Tony DeSare ,2.0,334999.0,529832,1
Topic ,176.0,436346.0,55109344,2
Tori Kelly ,63.166666666666664,205183.16666666666,54705044,1
Tory Lanez ,26.93617021276596,330856.0425531915,338312620,1
Tove Lo ,71.3,290406.7,151518403,1
Tove Styrke ,1.0,185163.0,185163,1
Train ,2.25,162054.5,1729544,1
Trans,2.6666666666666665,298675.3333333333,2368160,1
Travie McCoy ,30.0,149982.0,2791723,1
Travis Mills ,1.0,112242.0,112242,1
Travis Scott ,177.25641025641025,1479440.923076923,2724418484,3
Trevor Daniel ,238.0,705364.5,239695836,2
Trey Lewis ,12.0,525879.0,4226483,1
Trey Songz ,119.8,188200.6,80752486,2
Trinidad Cardona ,33.0,303751.0,8579709,1
Trio Vegabajeño ,2.0,467395.0,763527,1
Trippie Redd ,22.535087719298247,534014.8859649122,824397852,1
Tritonal ,16.0,128082.0,1561027,1
Trouble ,6.5,240449.5,2736154,1
Troy Ave ,1.0,67169.0,67169,1
Troye Sivan ,19.8,286527.05,103295983,1
Turbo ,1.0,246844.0,246844,1
Twenty One Pilots ,73.23255813953489,436396.5581395349,839074464,1
Ty Dolla $ign ,30.93103448275862,293578.4137931034,159675577,1
Tyga ,37.38095238095238,406439.28571428574,361893563,1
Tyla Yaweh ,15.0,425769.3333333333,18749126,1
Tyler Childers ,25.8,265460.8,33058852,1
Tyler Farr ,8.0,81441.0,611111,1
Tyler Hubbard ,178.0,351547.0,48935367,2
"Tyler, The Creator ",49.06818181818182,1078572.8409090908,759538874,0
Ugly God ,25.428571428571427,214019.14285714287,43767330,1
Unknown Artist ,7.0,195194.0,1134784,1
Us The Duo ,4.0,61906.0,230570,1
Usher ,48.0,216659.125,65814069,1
VIC MENSA ,1.0,166728.66666666666,500186,1
Vacations ,77.0,264117.0,18274437,1
Vampire Weekend ,1.7777777777777777,301037.3333333333,4499890,1
Van Halen ,1.6666666666666667,356790.44444444444,4742081,1
Van Morrison ,20.0,415861.0,5295762,1
Vance Joy ,122.0,218243.57142857142,135625142,2
Vanessa Carlton ,2.0,122299.0,187404,1
Various Artists ,2.0,116416.0,559527,1
Vaults ,2.0,69969.0,138594,1
Vedo ,53.0,341141.0,14510021,1
Vice ,51.666666666666664,269534.0,34475288,1
Vicente Fernández ,1.25,291865.5,1403082,1
Vigiland ,19.0,140065.0,1827222,1
Vince Gill ,2.0,95814.0,158769,1
Vince Guaraldi ,1.0,348903.0,348903,1
Vince Guaraldi Trio ,29.4,783825.7,116645197,1
Vince Staples ,6.5,354523.125,15972796,1
Vundabar ,172.0,461330.0,54041374,2
VÉRITÉ ,134.0,274625.0,26944785,2
WALK THE MOON ,160.66666666666666,263035.3333333333,100498937,2
WATTS ,1.0,353591.0,353591,1
WAVYVIBE ,1.0,233042.0,233042,1
WESTSIDE BOOGIE ,1.0,254881.0,254881,1
WILLOW ,281.5,634690.5,179142271,2
Waka Flocka Flame ,32.0,262627.0,6533539,1
Wale ,30.9,297412.8,57451177,1
Walker Hayes ,110.66666666666667,361919.3333333333,114975201,2
Wallows ,420.0,399406.0,114791296,2
Warren Zevon ,7.0,350571.0,1836036,1
Weezer ,1.0,232302.75,929211,1
Wes Walker ,88.0,127628.0,8530253,1
Wham! ,158.0,1848918.5,195554322,0
Whethan ,1.0,208875.0,208875,1
Whitney Houston ,3.0,352195.0,798015,1
Who Is Fancy ,53.5,126691.0,12465200,1
WhoHeem ,55.0,475077.0,17381983,1
Why Don't We ,21.5,287400.5,32391792,1
Wilbur Soot ,14.0,420258.0,3754788,1
Will Dailey ,1.0,53726.0,53726,1
Will Paquin ,7.0,287126.0,1699875,1
Wisin ,69.0,232655.0,26460439,1
Wiz Khalifa ,27.796296296296298,268180.9259259259,291041466,1
Wizkid ,5.0,243804.5,2094814,1
Wrabel ,2.0,123713.0,245977,1
Wyclef Jean ,37.0,106368.0,2504557,1
X Ambassadors ,136.25,216508.25,85864323,2
XXXTENTACION ,131.46575342465752,928279.8767123288,3689771047,3
XoMusic ,1.0,299356.0,299356,1
Y2K ,321.0,820166.0,136394278,2
YBN Nahmir ,137.4,404265.8,210745899,2
YFN Lucci ,87.0,187130.0,54423287,1
YG ,29.20689655172414,375669.8275862069,292540045,1
YK Osiris ,221.0,365266.0,61209429,2
YNW Melly ,137.15384615384616,649413.0,756459887,2
YUNGBLUD ,12.333333333333334,451469.3333333333,13469432,1
Yahritza Y Su Esencia ,22.5,507888.0,15862714,1
Yandel ,7.0,512050.0,2297222,1
Yeah Yeah Yeahs ,1.5,177432.0,631386,1
Years & Years ,10.333333333333334,150507.83333333334,8396625,1
Yeat ,25.6,438605.93333333335,128637613,1
Yellow Claw ,106.5,236594.5,44386404,1
Ying Yang Twins ,2.0,66917.0,127192,1
Yo Gotti ,53.5,284552.9166666667,178811900,1
Yot Club ,504.0,351933.0,139804345,2
Young Dolph ,4.625,345359.125,9742121,1
Young Greatness ,79.0,183444.0,11733222,1
Young M.A ,112.5,409726.0,75168175,2
Young Money ,18.0,142132.0,1086377,1
Young Nudy ,36.0,286313.0,9188827,1
Young Stoner Life ,15.526315789473685,583215.5789473684,109806580,1
Young Thug ,34.4,399759.37647058826,932055874,1
Young the Giant ,1.0,118970.0,118970,1
YoungBoy Never Broke Again ,12.741573033707866,328933.37078651687,322714514,1
Yung Anime ,2.0,221430.0,439361,1
Yung Bleu ,84.0,345332.0,20785686,1
Yung Gravy ,64.33333333333333,408663.3333333333,79113501,1
Yung Lean ,33.0,408655.0,9916835,1
ZAYN ,40.96666666666667,374491.9666666667,462874843,1
ZHU ,28.4,181976.2,36602811,1
Zac Brown Band ,77.0,254260.6,58892580,1
Zac Efron ,136.0,712459.0,44802916,2
Zacari ,17.0,458106.5,9730252,1
Zach Bryan ,19.789473684210527,381599.05263157893,181414885,1
Zara Larsson ,88.0,325741.36363636365,285523751,1
Zay Hilfigerrr ,126.0,715338.0,45767401,2
ZeXzy ,1.0,304995.0,304995,1
Zedd ,85.8,417343.06666666665,490883363,1
Zee Avi ,3.0,124797.0,285795,1
Zendaya ,9.0,117409.0,948199,1
Ziv Zaifman ,57.0,329379.0,14702025,1
a,6.0,105189.0,495422,1
alt,26.6,161098.2,8444752,1
at Wendys ,1.0,200679.0,200679,1
ayokay ,19.0,159917.0,2583063,1
bbno$ ,65.0,279950.0,15109159,1
benny blanco ,114.88888888888889,616472.2222222222,431203871,2
blackbear ,57.125,366938.0833333333,492849672,1
blink,3.9130434782608696,257448.65217391305,17006591,1
carolesdaughter ,50.0,380237.0,12475197,1
d4vd ,110.0,824293.0,143331101,2
dvsn ,1.5,331436.5,865300,1
for KING & COUNTRY ,2.0,395007.0,697514,1
fun. ,4.0,156480.5,858804,1
girl in red ,58.333333333333336,288054.6666666667,44719072,1
gnash ,193.0,324891.0,141776211,2
grandson ,4.0,223730.0,853042,1
hemlocke springs ,6.0,332885.0,1835300,1
iLoveMemphis ,39.0,147774.66666666666,15156781,1
iSHi ,11.0,105878.0,932793,1
iann dior ,18.833333333333332,359758.3333333333,69079993,1
j,1.7272727272727273,316240.7272727273,5759568,1
jxdn ,11.0,300494.0,2660985,1
lil Shordie Scott ,61.0,464847.0,20201027,1
lovelytheband ,29.0,247894.0,6421237,1
mazie ,6.0,280279.0,1476765,1
pixelbobby ,1.0,209231.0,209231,1
quinnie ,1.0,236899.0,236899,1
salem ilese ,65.0,394292.0,18827099,1
siouxxie sixxsta ,53.0,301254.0,13691754,1
townhall ,1.5,347808.5,943207,1
Ñengo Flow ,6.0,1174299.0,4302587,0
