actual,pred_lr,proba_lr,pred_rf,proba_rf
0,0,0.4709003977341439,0,0.0
0,0,0.40029141271718605,0,0.0
0,0,0.4442038144624426,0,0.0
0,0,0.4777948762160688,0,0.0
0,0,0.45376479669404785,0,0.0
0,1,0.6529291333427408,0,0.1
0,1,0.676159168075137,1,0.88
0,0,0.46483828626169044,0,0.0
0,0,0.4312546616045881,0,0.0
0,0,0.3852307237359823,0,0.0
0,0,0.4886699815241959,0,0.0
0,0,0.4328304585525365,0,0.0
0,0,0.4735251361490567,0,0.0
0,0,0.4870501495134862,0,0.0
0,0,0.4196771090449443,0,0.0
0,0,0.40086838560163146,0,0.0
0,0,0.4390112412610869,0,0.0
0,0,0.4631819897866963,0,0.0
0,0,0.4428068649521414,0,0.0
0,0,0.47533331654401456,0,0.0
1,0,0.4241207530082833,0,0.02
0,0,0.4400439081403992,0,0.0
0,0,0.4189077134819788,0,0.0
0,0,0.3959736834108059,0,0.0
0,0,0.2944868366169529,0,0.18
0,0,0.43952260290671685,0,0.0
0,0,0.43066379973839597,0,0.0
0,0,0.35052040895730074,0,0.09
0,0,0.43276001590565183,0,0.0
0,0,0.4664860324985566,0,0.0
1,0,0.10533821619335991,1,0.99
0,1,0.5193679567542866,0,0.38
0,0,0.43647381834640736,0,0.0
0,0,0.3356836960167512,0,0.13
0,0,0.42438676998084024,0,0.0
0,0,0.4278459328038069,0,0.0
0,1,0.5224529807251245,0,0.01
0,0,0.43851233189321454,0,0.0
0,0,0.4576903516634808,0,0.0
0,0,0.4068289363595342,0,0.0
0,0,0.38777169476931095,0,0.0
0,0,0.47148086639149017,0,0.0
1,0,0.44528427477309096,0,0.0
0,0,0.3910908347398208,0,0.0
0,0,0.4416005458081304,0,0.0
0,0,0.46528581929489155,0,0.0
1,0,0.18031313670627694,1,0.82
0,0,0.43580325584421253,0,0.0
0,0,0.3809667853084671,0,0.0
0,0,0.434540185009837,0,0.15
0,0,0.42640417567281774,0,0.0
1,1,0.8174781089789406,1,1.0
0,0,0.4558858554359234,0,0.0
0,0,0.42586757964084776,0,0.0
0,0,0.45704149658241755,0,0.0
0,0,0.42546107204656464,0,0.05
0,0,0.39475446322957297,0,0.0
0,0,0.47913386570919186,0,0.01
0,0,0.4636343549283819,0,0.0
0,0,0.38177112802718416,0,0.0
0,0,0.43804168077383104,0,0.0
0,1,0.5915490793745659,0,0.01
0,0,0.411898832726338,0,0.0
0,0,0.4768384742911972,0,0.0
0,0,0.4524965035563749,0,0.0
0,0,0.49429253208549184,0,0.01
0,0,0.4421620060472334,0,0.0
0,0,0.4764184087184291,0,0.0
0,0,0.28621328702042065,0,0.06
0,0,0.41795245063403896,0,0.0
0,1,0.6010571094026682,0,0.28
0,0,0.30817285490450663,0,0.02
0,0,0.43291455212913255,0,0.0
0,0,0.42588768050244763,0,0.0
0,0,0.41265648220108014,0,0.0
0,1,0.6286535212352276,0,0.42
0,0,0.43299605099648547,0,0.0
0,0,0.4114676030188567,0,0.17
1,0,0.3751630954424749,1,0.9
0,0,0.16844466980788966,0,0.21
0,0,0.4412940287810498,0,0.0
0,0,0.4429349790601867,0,0.0
0,0,0.4806225211266301,0,0.0
0,0,0.4097855074508008,0,0.0
1,0,0.14201235551676877,1,0.68
0,0,0.2399691755915676,1,0.76
1,0,0.30695052686470087,0,0.41
0,0,0.36110192819749093,0,0.19
0,0,0.4692361451813015,0,0.0
0,0,0.48109019266954556,0,0.0
0,0,0.43939982277369216,0,0.0
1,0,0.140850495849707,0,0.19
0,0,0.4095593382448776,0,0.0
1,0,0.2170000218790469,1,0.79
1,1,0.9686826207082648,1,0.75
0,0,0.44345230865529395,0,0.0
0,1,0.5049419524696727,0,0.15
1,0,0.1882814739677718,1,0.52
1,0,0.475866161842169,0,0.36
0,0,0.36407796188463126,0,0.0
0,0,0.38471612522874976,0,0.0
0,0,0.46055222188123085,0,0.01
1,0,0.3057018394333704,1,0.81
0,0,0.42534335888539304,0,0.0
1,0,0.0699235524270248,1,0.95
1,0,0.06574090068655951,1,0.73
0,0,0.467000932435435,0,0.0
1,1,0.7460511986436525,1,1.0
0,0,0.4884146531434621,0,0.01
0,0,0.438406241645093,0,0.0
0,0,0.4116670181490395,0,0.0
0,0,0.3835806627579978,0,0.0
0,0,0.3781486200436878,0,0.01
0,0,0.38958735868164734,0,0.0
0,0,0.47597204762741757,0,0.0
0,1,0.6931479284887572,0,0.05
0,0,0.39353508327829817,0,0.0
0,0,0.32557724924326964,0,0.05
0,0,0.25655974403647575,1,0.62
0,0,0.42098836855301786,0,0.0
1,0,0.253174850257673,1,0.57
0,0,0.42689187600016976,0,0.0
0,0,0.382026814326223,0,0.0
1,1,0.6016590944540259,0,0.25
0,0,0.43269865674577435,0,0.0
0,0,0.43348866464372854,0,0.0
0,0,0.398919677493742,0,0.0
0,0,0.19664475802640596,1,0.78
0,0,0.48980557588708545,0,0.0
0,0,0.409544510930758,0,0.0
0,0,0.4803022196943846,0,0.0
0,0,0.3873736278471746,0,0.0
0,0,0.4307706478532317,0,0.0
0,1,0.6840412814073156,0,0.05
0,0,0.424624170393743,0,0.0
0,0,0.4036076735390564,0,0.0
0,0,0.4260532960279561,0,0.03
0,0,0.4269280189618235,0,0.0
0,0,0.26957319628770066,1,0.67
0,0,0.4248671670683112,0,0.0
0,0,0.4691704018086266,0,0.0
0,0,0.3794208206749317,0,0.06
0,0,0.4749390615037804,0,0.0
0,0,0.4396043814273674,0,0.0
0,1,0.5837016791543596,0,0.19
0,0,0.4512652685567364,0,0.0
0,0,0.2289384429081954,0,0.07
0,1,0.5127264548685018,0,0.02
0,0,0.34548548446483285,0,0.0
1,1,0.6594255235707043,1,1.0
1,1,0.7120610718966267,1,1.0
0,1,0.5316908467238141,0,0.05
0,0,0.4375227885568897,0,0.0
0,0,0.48962626536201237,0,0.13
0,0,0.3820299104611701,0,0.0
0,0,0.4397461243123644,0,0.0
0,0,0.4305865902376709,0,0.0
0,0,0.3976007039369242,0,0.01
0,0,0.41113747586257415,0,0.0
0,0,0.45570387074458313,0,0.0
0,1,0.5034759967708549,0,0.0
0,1,0.5159042082796358,0,0.37
0,0,0.4606779965011367,0,0.0
0,0,0.39406056222462116,0,0.0
0,0,0.44544468849652513,0,0.0
1,0,0.2525793743829779,1,0.59
0,0,0.3972329238453422,0,0.0
0,0,0.3855719443314511,0,0.0
0,0,0.46453374196864133,0,0.0
0,1,0.5393426394122027,0,0.1
0,0,0.4666530175542259,0,0.0
0,0,0.3834794717464457,0,0.0
0,0,0.4787159872108778,0,0.0
0,0,0.23855505095786336,0,0.06
0,0,0.44832776769611193,0,0.0
0,0,0.3868432869485482,0,0.0
0,0,0.4105855457201391,0,0.0
0,0,0.4578811230141538,0,0.0
0,0,0.36431653787420426,0,0.02
1,0,0.11414863038630772,1,0.84
0,0,0.34740065111344226,0,0.0
0,0,0.4319064411896672,0,0.0
0,0,0.497572994799813,0,0.16
0,0,0.48427060462603466,0,0.0
0,0,0.44430406627946895,0,0.0
0,0,0.4138148867096072,0,0.0
0,0,0.4786940740696234,0,0.0
0,0,0.43855789217444135,0,0.0
1,0,0.2885965190434316,1,0.63
0,0,0.4237584995126415,0,0.0
0,0,0.4229231748661288,0,0.0
0,0,0.42463376132178854,0,0.0
1,0,0.28963239611087893,0,0.33
0,0,0.4490295295990284,0,0.04
0,0,0.38795094705649386,0,0.0
0,0,0.43131626033744086,0,0.0
0,0,0.39353295267688904,0,0.0
0,0,0.32146657968714726,0,0.02
0,0,0.47458696628621655,0,0.0
0,0,0.4395894477135173,0,0.0
0,0,0.44938550041151715,0,0.0
0,0,0.45327732226245665,0,0.0
0,0,0.4300568617674447,0,0.0
1,0,0.2657882452012468,1,1.0
0,1,0.5308834705361937,0,0.01
0,0,0.4323562055908556,0,0.0
0,0,0.4835102493847963,0,0.0
0,0,0.4052362821008953,0,0.0
0,0,0.4726092754508307,0,0.0
0,0,0.3474081170801685,0,0.0
1,1,0.6324143509741154,1,0.64
0,1,0.51526950689846,0,0.11
0,0,0.4639528151317086,0,0.0
1,0,0.2498130159825415,0,0.45
0,0,0.48082908993502615,0,0.0
0,0,0.4333629588458399,0,0.0
0,0,0.3608487958756629,0,0.0
0,0,0.3235538912421272,0,0.0
0,0,0.4699142480892043,0,0.0
0,0,0.4227229117107342,0,0.05
0,0,0.4473218989848299,0,0.0
1,0,0.22770970844148924,1,0.58
0,0,0.4852484321298826,0,0.03
0,0,0.4782217831961971,0,0.0
0,0,0.4263274631075018,0,0.0
0,0,0.327794921457538,0,0.29
0,0,0.46039719773087107,0,0.0
0,1,0.7687151363181969,0,0.11
0,0,0.4383320502303712,0,0.0
0,0,0.4891859089505456,0,0.0
0,0,0.4288877842930983,0,0.0
0,0,0.4345508878569708,0,0.0
0,0,0.31425413136884195,0,0.17
0,0,0.2991723312195871,0,0.05
0,0,0.47666999498955054,0,0.01
0,0,0.4611081199727841,0,0.0
0,0,0.4123028586167793,0,0.0
1,1,0.6652997361582677,1,0.96
0,0,0.4521183830139282,0,0.0
0,0,0.3507603172086598,0,0.0
0,0,0.39320150439744167,0,0.0
0,0,0.41088818774942554,0,0.0
0,0,0.43484952521342146,0,0.0
0,0,0.49180890812960465,0,0.0
0,0,0.4769460505581802,0,0.0
0,1,0.7587769887099935,0,0.1
0,0,0.4127360807041231,0,0.0
0,0,0.41735981324489896,0,0.0
0,0,0.3795611006157132,0,0.0
1,0,0.3167738352881259,0,0.09
0,0,0.42735640604995584,0,0.0
0,0,0.4358192983540013,0,0.0
0,0,0.39482372985067904,0,0.0
0,0,0.41373542182435435,0,0.0
1,1,0.5306109014369924,1,0.96
0,0,0.4703600005355125,0,0.0
0,0,0.34630141324234637,0,0.0
0,0,0.4850701410687621,0,0.0
0,1,0.7143979277569845,0,0.03
0,0,0.43771720916754847,0,0.0
0,0,0.4358207178959073,0,0.0
0,0,0.4647367328432158,0,0.0
0,0,0.4716904133632163,0,0.0
0,0,0.47787419289999605,0,0.0
0,0,0.4523806406111252,0,0.0
1,0,0.1420813835031305,0,0.37
0,0,0.40917564533742085,0,0.0
0,0,0.4970653393885588,0,0.12
0,0,0.47463903187791884,0,0.0
0,0,0.43279609329056584,0,0.0
0,0,0.40214341918672347,0,0.0
0,0,0.4575564613332249,0,0.0
0,0,0.46565607016601246,0,0.0
0,0,0.4324367348545585,0,0.0
0,0,0.4541806289478714,0,0.0
0,0,0.4582760241608772,0,0.0
0,0,0.46653423550869405,0,0.0
0,0,0.35073882031148745,0,0.0
0,0,0.4389488236384749,0,0.0
0,0,0.453482270147904,0,0.0
0,0,0.42326875791913227,0,0.0
0,0,0.42772298386394986,0,0.0
0,0,0.37305549362399737,0,0.0
0,0,0.4387981042995887,0,0.0
0,0,0.44644015278359545,0,0.11
0,0,0.4826788850851969,0,0.0
0,0,0.43793699142867926,0,0.0
0,0,0.43398897330824393,0,0.0
1,0,0.06585035991926529,0,0.25
0,0,0.4608519886686186,0,0.0
0,0,0.4387587847962971,0,0.0
0,0,0.3697307768200414,0,0.0
0,0,0.4500225734430181,0,0.0
1,1,0.5467694554767675,1,0.93
0,0,0.4164650120410777,0,0.0
0,0,0.4963032220216499,0,0.01
1,1,0.9267880917122155,1,1.0
0,0,0.4222717172561333,0,0.0
1,1,0.9406106012610744,1,0.98
0,0,0.4839830461991966,0,0.0
0,0,0.43910712402656776,0,0.0
0,0,0.4970564468943566,0,0.0
0,0,0.4398070640595467,0,0.0
1,1,0.8124318154073257,1,1.0
0,0,0.4471670465747156,0,0.0
0,0,0.47195467971571053,0,0.0
0,0,0.3935761923474623,0,0.0
0,0,0.3823247026784536,0,0.0
0,0,0.41129773075329323,0,0.0
0,0,0.43597545426527806,0,0.0
0,0,0.36775861530639425,0,0.0
0,0,0.35681959542170644,0,0.0
0,0,0.45881488838760776,0,0.0
1,0,0.4116481881885885,0,0.01
0,0,0.4346605955177013,0,0.0
0,0,0.3866611534294372,0,0.02
1,1,0.7334191361395618,1,0.99
0,0,0.47146034942098886,0,0.0
0,0,0.43302109182018056,0,0.0
0,0,0.3659297158084,0,0.0
0,0,0.44211466139839234,0,0.0
0,0,0.49221724110133364,0,0.0
0,0,0.35938697997924857,0,0.02
0,0,0.42139759743531585,0,0.05
0,0,0.3645341317078978,0,0.0
0,1,0.6165693904666262,0,0.28
0,0,0.3693296761981618,0,0.0
0,0,0.42722289642249534,0,0.0
0,0,0.44420714027930003,0,0.0
0,0,0.4070660358695947,0,0.0
0,0,0.4443867418059107,0,0.0
0,0,0.35934119593506203,0,0.15
0,0,0.4423620887573827,0,0.0
0,0,0.4433345575228978,0,0.0
0,0,0.4175598860878145,0,0.0
1,0,0.38194731642484236,0,0.0
0,0,0.4467189968655976,0,0.0
0,0,0.47158999527045475,0,0.0
1,0,0.42696412648333903,0,0.01
0,1,0.5212651618563596,0,0.12
0,0,0.4362281931105851,0,0.01
0,0,0.4334968709856698,0,0.0
0,0,0.42823566663807505,0,0.0
0,0,0.48291893206928066,0,0.0
0,0,0.43128864684946694,0,0.0
0,0,0.37799060661578904,0,0.0
0,0,0.453022757266481,0,0.0
0,0,0.2678009048582322,0,0.04
0,0,0.44207466858773115,0,0.0
0,0,0.4999088378792396,0,0.0
0,0,0.40938246983133697,0,0.0
0,0,0.3472769355897956,0,0.0
0,0,0.3712457787450346,0,0.07
0,0,0.3937748276558586,0,0.0
0,0,0.32493145666628026,0,0.04
0,0,0.43885783023441455,0,0.0
0,1,0.5119116650739047,0,0.06
0,0,0.41117930946367576,0,0.0
0,0,0.39225650034952764,0,0.0
0,0,0.49128553434931577,0,0.0
0,0,0.4526237633006948,0,0.0
0,0,0.4261488493559136,0,0.0
0,0,0.44543423016390665,0,0.0
0,0,0.46335884133983424,0,0.0
0,0,0.37276990215987577,0,0.01
0,0,0.4011374663289078,0,0.0
0,0,0.41547536615457104,0,0.0
1,0,0.36917385358265425,1,0.96
0,0,0.4388782086084726,0,0.0
0,0,0.40844542082104984,0,0.0
0,0,0.3353949957447738,1,0.72
1,0,0.3097887311090269,1,0.97
0,0,0.4857521890422116,0,0.0
0,0,0.3412239071572107,0,0.02
0,0,0.4721749221590207,0,0.0
0,0,0.4339721917571374,0,0.0
0,0,0.4080025989250005,0,0.0
0,0,0.3587611285194337,0,0.17
0,0,0.4275028785187964,0,0.0
0,0,0.39708381176959257,0,0.0
0,0,0.471357386001459,0,0.0
0,0,0.48587913411668954,0,0.0
0,0,0.4735578934682571,0,0.0
0,0,0.40571270858886155,0,0.0
0,0,0.423067601032371,0,0.0
0,0,0.3954775560827142,0,0.0
0,0,0.25161586545382886,0,0.19
0,0,0.32082053118567067,0,0.01
0,0,0.4658498797196817,0,0.0
0,0,0.4383489118672479,0,0.0
0,1,0.507936538400803,0,0.0
0,0,0.45387505426396907,0,0.0
0,0,0.41800604648914613,0,0.0
0,0,0.4414868955240615,0,0.0
0,0,0.4786676612636487,0,0.0
0,0,0.4101006418606126,0,0.0
0,0,0.3924048115914435,0,0.18
0,0,0.4847944922859408,0,0.02
0,0,0.4274772095945219,0,0.0
0,0,0.4655237142777345,0,0.0
0,0,0.4587188224225104,0,0.0
0,0,0.4158970361444743,0,0.0
0,0,0.43234701454132346,0,0.0
0,0,0.4196240285863787,0,0.0
0,0,0.42428816470047026,0,0.0
0,1,0.5975663033672144,0,0.05
0,0,0.4832239313147096,0,0.0
1,0,0.10430794423849572,1,0.84
0,0,0.4961517432892509,0,0.0
0,0,0.31798872044471715,0,0.08
0,0,0.41851764993360957,0,0.0
0,0,0.4870050032710923,0,0.0
0,0,0.41540700433458233,0,0.0
0,0,0.15342430650528177,1,0.59
0,0,0.3621901353182464,0,0.13
0,0,0.4945405298830869,0,0.01
1,0,0.19132667968380096,0,0.42
0,0,0.43491183106878417,0,0.0
0,0,0.4121747177990137,0,0.0
0,0,0.2847498670509589,0,0.28
0,0,0.4691094053822759,0,0.0
0,0,0.39514172797179764,0,0.02
0,0,0.37548537964935425,0,0.0
1,0,0.14888191257649677,1,0.59
0,0,0.46536967408498425,0,0.0
0,0,0.45937820076670816,0,0.0
0,1,0.5010910358864447,0,0.0
0,0,0.4954644921620231,0,0.0
0,0,0.40211919198607127,0,0.0
0,0,0.3720946642650159,0,0.0
0,0,0.45591828885541297,0,0.0
0,0,0.3799616007326234,0,0.0
1,1,0.9086695489389646,1,0.99
0,0,0.4206462086725223,0,0.0
0,0,0.37152461299535466,0,0.38
0,0,0.4621005985127661,0,0.0
0,0,0.41851286003331556,0,0.0
0,0,0.4643417740343783,0,0.0
0,0,0.3933988509304425,0,0.01
0,0,0.40035482880791484,0,0.0
0,0,0.4861514637919197,0,0.08
0,0,0.44862955117891196,0,0.0
0,1,0.5021325600397613,0,0.0
0,0,0.35022075332552843,0,0.06
1,0,0.09159192630242935,1,0.93
0,0,0.4974461303145687,0,0.01
1,0,0.0959340050131145,1,0.82
0,0,0.40109578841157106,0,0.0
1,0,0.29501109737193465,1,0.99
0,0,0.44261259018785637,0,0.0
0,0,0.4101908973790022,0,0.04
0,0,0.43302599876000814,0,0.0
0,0,0.4825284383717585,0,0.0
0,0,0.4186168887406722,0,0.0
0,0,0.42411941620526283,0,0.0
0,0,0.40445991525683894,0,0.0
0,0,0.4632159087187365,0,0.0
0,0,0.4407515204833267,0,0.0
0,0,0.4434601454081012,0,0.0
0,0,0.4220932430859651,0,0.0
1,0,0.3756457280412379,1,0.98
0,0,0.43936616274950197,0,0.0
0,0,0.4219678337191655,0,0.0
0,0,0.4030511669807428,0,0.0
0,0,0.3490123795632024,0,0.43
0,0,0.3988098312609673,0,0.0
0,0,0.4830532277070782,0,0.0
0,0,0.4035788299576027,0,0.0
0,0,0.37121660387118927,0,0.0
0,0,0.41441774945177684,0,0.0
0,0,0.44933522182144525,0,0.0
0,0,0.42977929239099577,0,0.0
0,0,0.3918515886142921,0,0.0
0,0,0.3499116675727349,0,0.0
0,0,0.4432585360926056,0,0.0
0,0,0.41786443232332476,0,0.0
0,0,0.3279169042612752,0,0.03
0,0,0.44465755599189516,0,0.0
0,0,0.4073445010495866,0,0.0
0,0,0.42340738003528605,0,0.1
0,0,0.41308873681116315,0,0.0
0,0,0.3659640042893615,0,0.0
0,0,0.4423260107751239,0,0.0
0,0,0.37133545887347474,0,0.0
0,1,0.7050848485245825,0,0.36
0,0,0.4721768295403117,0,0.0
0,0,0.4432431153395463,0,0.0
0,1,0.5070391499200317,0,0.09
0,0,0.44076005883711583,0,0.0
0,0,0.46202453435286706,0,0.0
1,0,0.3787735105586558,0,0.16
0,0,0.4349351291312736,0,0.0
1,0,0.23752576715745294,1,0.63
0,0,0.40029176471379435,0,0.01
0,0,0.4029812559779929,0,0.0
0,0,0.37451982535121975,0,0.0
0,0,0.3842212174095938,0,0.0
0,0,0.4442616196671072,0,0.0
0,0,0.4387419617734195,0,0.0
0,0,0.4182670890097494,0,0.0
0,0,0.40491290190717943,0,0.0
0,0,0.404517557552176,0,0.0
0,0,0.4322452180371848,0,0.0
1,1,0.9499948114937135,1,1.0
0,0,0.2924202773725482,0,0.21
0,0,0.4842292370206036,0,0.0
0,0,0.41351746470753237,0,0.0
0,0,0.41598674724880913,0,0.0
0,0,0.4294096063311965,0,0.0
0,0,0.34586530921721154,0,0.0
0,0,0.4461185834739535,0,0.0
0,0,0.22851303775775894,0,0.44
0,0,0.4841936038265779,0,0.0
0,0,0.32382073474162987,0,0.0
0,0,0.39827405326060167,0,0.0
0,0,0.4243539864070294,0,0.0
0,0,0.4843472081718186,0,0.0
0,0,0.47149717956059534,0,0.0
0,0,0.46755062659125873,0,0.0
0,0,0.31783633406522904,0,0.0
0,0,0.4234077639408936,0,0.0
0,0,0.4345293726665597,0,0.0
0,0,0.3163468525022088,0,0.06
0,0,0.4059168728494452,0,0.0
0,0,0.4393270783905965,0,0.0
0,0,0.4270901037128497,0,0.0
1,1,0.5435580373314834,1,0.81
0,0,0.44038603113704927,0,0.0
0,0,0.3895666487004949,0,0.0
0,0,0.39052190539125986,0,0.0
1,0,0.3186100782359026,0,0.42
0,0,0.4666951669315235,0,0.0
0,0,0.39502863551785156,0,0.0
0,0,0.4195608868960832,0,0.0
0,0,0.4209904794756411,0,0.0
1,0,0.4839712828669961,0,0.03
1,1,0.7862149772452186,1,0.85
0,0,0.4964412642998262,0,0.0
0,1,0.8768430933737402,0,0.17
0,0,0.45146792742139136,0,0.0
0,0,0.4395991664672469,0,0.0
0,0,0.48381398466878545,0,0.0
0,0,0.40457396690856845,0,0.0
0,0,0.4237631764242106,0,0.0
0,0,0.30636362687425095,0,0.05
0,0,0.4540416036646394,0,0.0
0,0,0.46935486553100286,0,0.0
0,0,0.44670975577922734,0,0.0
0,0,0.437049723443403,0,0.0
0,0,0.48533016598784945,0,0.0
0,0,0.4270913860269527,0,0.0
0,0,0.48917167159380404,0,0.01
0,0,0.37355527619536577,0,0.0
0,0,0.3862519286578477,0,0.0
0,1,0.5017924181099574,0,0.05
0,0,0.4070711121815614,0,0.0
0,0,0.37718990335475416,0,0.0
0,0,0.4046895383286609,0,0.0
0,0,0.3253925009128026,0,0.13
0,0,0.4854931739050631,0,0.0
0,0,0.42741033092906205,0,0.0
0,0,0.4730031940494502,0,0.0
0,0,0.42291876950972995,0,0.0
0,0,0.40350713440195013,0,0.0
0,1,0.6137149654164009,1,0.65
0,0,0.4032944841576436,0,0.0
1,1,0.952986640542543,1,0.72
0,0,0.41558552760820283,0,0.0
0,0,0.4533528841691505,0,0.0
0,0,0.4618106003204079,0,0.0
0,0,0.4233091979001213,0,0.0
0,0,0.4254372033129402,0,0.0
0,0,0.4058601146322382,0,0.0
0,0,0.42525776554696887,0,0.0
0,0,0.43000591965268253,0,0.0
0,0,0.4803388601187667,0,0.0
0,0,0.3678861328442571,0,0.0
0,1,0.526886538568079,0,0.06
0,0,0.4125169831988726,0,0.0
0,0,0.46395503781516145,0,0.0
0,0,0.4053740239391521,0,0.0
0,0,0.4767449908761973,0,0.0
0,0,0.3581642680475763,0,0.08
0,0,0.4495456312614426,0,0.0
0,1,0.5744160450314966,0,0.21
0,0,0.45647196150519986,0,0.0
0,0,0.46428682259288906,0,0.0
0,0,0.4258724902320107,0,0.0
0,0,0.4110001346918062,0,0.0
0,0,0.43710974021206067,0,0.0
1,0,0.4545387228687747,1,0.99
1,0,0.3173913148719079,0,0.23
0,0,0.48160626983094457,0,0.0
0,0,0.40390512421695673,0,0.03
0,0,0.4810724369438297,0,0.0
0,0,0.46643919774584613,0,0.0
0,0,0.44032441045424775,0,0.0
0,1,0.5438868487664331,0,0.17
0,0,0.29550040877345973,0,0.04
0,0,0.44642418155173363,0,0.0
0,0,0.4535817271190495,0,0.0
0,0,0.38766201099017966,0,0.0
0,0,0.41813424448562575,0,0.0
0,0,0.2949904469083446,0,0.01
1,1,0.6363160915529663,1,0.99
0,0,0.4873506130139247,0,0.0
1,1,0.5338810101176885,0,0.37
0,0,0.3589596478662215,0,0.05
0,0,0.42648272844675267,0,0.03
0,0,0.3799756558424205,0,0.01
0,0,0.44330579031177464,0,0.0
0,0,0.4291021463876608,0,0.0
0,0,0.45280284293638035,0,0.0
1,1,0.5082183423940954,1,0.97
0,0,0.4583128347067189,0,0.0
0,0,0.413486508462725,0,0.0
0,0,0.41849427206633405,0,0.0
0,0,0.4128859868464287,0,0.0
1,1,0.99076009607834,1,1.0
1,0,0.3143801099477937,0,0.2
0,0,0.4480699731392081,0,0.0
0,0,0.4227505348720669,0,0.02
0,0,0.4580744174317188,0,0.0
1,0,0.39995854083324067,1,0.93
0,1,0.5703092639449601,0,0.02
0,0,0.44603066971573546,0,0.0
0,0,0.47986547959269876,0,0.0
0,0,0.4808013613569357,0,0.0
0,0,0.39405203377108916,0,0.0
0,0,0.47508221144794477,0,0.0
0,0,0.38939277908501735,0,0.0
0,0,0.3412096609849667,0,0.0
0,0,0.13198095514516958,0,0.29
0,0,0.2009869299332036,1,0.68
0,0,0.44693953385001917,0,0.0
0,1,0.6522719852052898,0,0.21
0,0,0.3354727690781901,0,0.05
0,0,0.44764151890351633,0,0.0
1,0,0.3337106350505598,0,0.06
0,0,0.4186411876870841,0,0.0
0,0,0.3723276469723146,0,0.0
0,0,0.45276403633504486,0,0.0
1,1,0.6770404263244172,1,1.0
0,0,0.4379147278911334,0,0.0
0,0,0.40387311173601104,0,0.0
0,0,0.4341343409610306,0,0.0
0,0,0.44757799620674493,0,0.0
0,0,0.4152017134922213,0,0.0
0,0,0.4345547091761657,0,0.0
0,0,0.4497761000834722,0,0.0
0,0,0.40422911084628393,0,0.0
0,0,0.4333336602300121,0,0.0
1,0,0.3858582112370516,1,0.78
0,0,0.48480841572050953,0,0.0
0,0,0.4255660860825031,0,0.0
0,0,0.4801726977614981,0,0.0
0,0,0.4742633082948916,0,0.0
0,0,0.3577318891684906,0,0.2
0,0,0.34544957140937765,0,0.0
0,0,0.4924337119951038,0,0.09
1,0,0.031790027145121795,1,0.99
0,0,0.4343506025863098,0,0.0
0,0,0.42146549121125726,0,0.0
0,0,0.41378895727579407,0,0.0
0,0,0.4441220959624864,0,0.0
0,0,0.43002761703894077,0,0.0
0,0,0.45649883014927445,0,0.0
0,0,0.4198634253655386,0,0.0
0,0,0.4632858312757827,0,0.0
0,1,0.5012648201084491,0,0.0
0,0,0.44379130457866856,0,0.0
1,0,0.06464716958711023,1,0.98
1,0,0.26007555798746124,1,0.73
0,0,0.42825620802414033,0,0.0
0,0,0.4846010121039073,0,0.0
0,0,0.3964188714158488,0,0.0
0,0,0.4284119032076208,0,0.0
0,0,0.3437242275299023,0,0.0
0,0,0.42912622375019255,0,0.0
0,0,0.3309419868717266,0,0.0
0,0,0.3973106558913805,0,0.0
0,0,0.4313482940601951,0,0.0
0,0,0.3974681049862706,0,0.49
0,0,0.391261098344779,0,0.08
0,0,0.4795018825270912,0,0.0
0,0,0.44347676891629256,0,0.0
0,0,0.38852032803822645,0,0.0
0,0,0.4790459052759257,0,0.0
0,1,0.5865724150192391,0,0.0
0,0,0.4763494392493527,0,0.0
0,0,0.26474565798374855,0,0.49
0,0,0.44401638901587054,0,0.0
0,0,0.41819841027364507,0,0.0
0,0,0.4852396191123763,0,0.0
0,0,0.43557898949147594,0,0.0
0,0,0.37522559736823463,0,0.32
0,0,0.32734951885058744,0,0.04
0,1,0.5037405233905466,0,0.0
0,0,0.3397275496096783,0,0.02
0,0,0.46840793527946334,0,0.0
0,0,0.4311456299828586,0,0.0
0,0,0.2419764249987907,1,0.75
0,0,0.37503902885459056,0,0.0
0,0,0.47294146792973707,0,0.0
0,0,0.4571936248234181,0,0.0
0,0,0.4759733377431798,0,0.0
0,0,0.42323577424373215,0,0.0
0,0,0.4702887583031906,0,0.0
0,0,0.38401114717452234,0,0.0
0,0,0.4354642093955172,0,0.0
0,0,0.3777821587215803,0,0.0
0,0,0.4788443507075173,0,0.0
0,0,0.4233174879795594,0,0.0
0,0,0.4614460785431006,0,0.0
0,0,0.4933217276954512,0,0.0
0,0,0.4623302403401607,0,0.0
0,0,0.4383697588688223,0,0.0
0,0,0.4259173246190852,0,0.0
0,1,0.7390957078053313,0,0.21
0,0,0.45196149427908056,0,0.0
1,0,0.2897166650116683,1,0.51
1,0,0.2457049610034465,1,0.82
0,0,0.4236184456936788,0,0.0
0,0,0.36224717978301074,0,0.0
0,0,0.41351007720990846,0,0.0
0,0,0.4567828487033409,0,0.0
0,0,0.387207318611382,0,0.0
0,0,0.40792321007107907,0,0.0
0,0,0.4444428108694081,0,0.0
0,0,0.4456895223388759,0,0.0
0,0,0.3827342744681131,0,0.0
0,0,0.48193323791776815,0,0.0
0,1,0.6217073728099104,1,0.6
0,0,0.4129060714811664,0,0.0
0,0,0.39680996473322777,0,0.0
0,0,0.4087526738720442,0,0.0
0,0,0.35205998405521377,0,0.05
0,1,0.8877830429579489,0,0.11
0,0,0.44956084303628957,0,0.0
0,0,0.38037433799372594,0,0.0
0,0,0.4800395809809363,0,0.0
0,1,0.530379639715417,0,0.03
0,0,0.4099864651112811,0,0.0
1,0,0.1122596703427633,1,0.94
0,0,0.4511699303657549,0,0.0
0,0,0.39355747115760975,0,0.0
0,0,0.2987597907190297,0,0.21
0,0,0.4427680829973844,0,0.0
0,1,0.5031850164116636,0,0.04
0,0,0.44872185414754684,0,0.0
0,0,0.40488397141925647,0,0.0
0,1,0.5451330809243887,0,0.02
0,0,0.48366115433034956,0,0.0
0,0,0.43153718360073257,0,0.0
1,0,0.12488598526083056,1,0.96
0,0,0.4152029200894863,0,0.0
0,0,0.45379314656479774,0,0.0
0,0,0.45385831540865645,0,0.0
0,0,0.481801491373889,0,0.0
0,0,0.4451311401270753,0,0.0
0,0,0.45513749368966927,0,0.0
0,0,0.49903043087716364,0,0.0
0,0,0.43971010576540714,0,0.0
1,1,0.5123255317991886,1,0.96
0,0,0.35555672434594654,0,0.22
0,0,0.3023989674463619,0,0.05
0,0,0.2760945333060244,0,0.15
0,0,0.4444558513510284,0,0.0
0,0,0.4278535691866422,0,0.0
0,0,0.47375070723500834,0,0.0
0,0,0.3753538281108848,0,0.02
0,0,0.42746706071448876,0,0.0
0,0,0.4733354016110524,0,0.0
0,0,0.4130137775014454,0,0.0
0,0,0.44793660867182017,0,0.0
0,0,0.3902873541769424,0,0.0
0,0,0.4489205115061065,0,0.0
0,0,0.4103977859411413,0,0.0
0,0,0.4355842602057453,0,0.0
0,0,0.2944064080131726,0,0.24
0,0,0.143910751652572,0,0.44
1,0,0.45633404916407105,1,0.95
0,0,0.41815002340602675,0,0.0
0,0,0.34860419107749224,0,0.5
0,0,0.3809411591853719,0,0.0
1,0,0.2232043734548749,1,0.59
0,0,0.4592008355396682,0,0.0
0,0,0.4574539289563497,1,0.94
0,0,0.4103708840917442,0,0.0
0,0,0.4409360515930835,0,0.0
0,0,0.4451756395138046,0,0.0
0,0,0.40639244860507073,0,0.0
1,1,0.9993277020730833,0,0.11
1,0,0.3555778331710458,0,0.0
0,0,0.4324882187770397,0,0.0
0,0,0.43211983389930286,0,0.0
0,0,0.4283763727639635,0,0.0
0,0,0.41680666490901824,0,0.0
0,0,0.42063328121705224,0,0.0
0,0,0.47947906837178816,0,0.0
0,0,0.4600791407100555,0,0.0
0,1,0.6524818897095843,0,0.11
0,0,0.4703926781275335,0,0.0
0,0,0.4685265881081817,0,0.0
0,0,0.44465564822948794,0,0.0
0,0,0.3102644498277112,0,0.18
0,0,0.4376805367628948,0,0.06
0,0,0.38678170456064004,0,0.0
1,0,0.22782252979044468,1,0.56
0,0,0.4297851876289039,0,0.0
1,1,0.7872136287543885,1,1.0
0,0,0.2504707501835306,0,0.18
0,0,0.4253548832719648,0,0.0
0,0,0.4841351400000939,0,0.0
0,0,0.416245750826752,0,0.0
0,0,0.39813062658370096,0,0.0
0,0,0.1575650406383671,0,0.45
0,0,0.35661283565820795,0,0.09
1,0,0.16005595254856858,1,0.69
0,0,0.4358933525268674,0,0.0
0,0,0.4455068341322227,0,0.0
0,0,0.4492787039551771,0,0.0
0,0,0.3176142422731716,0,0.07
0,0,0.4740259764109123,0,0.0
0,0,0.3566294270004134,0,0.01
0,0,0.4849058169690632,0,0.0
0,0,0.47690540545006843,0,0.0
0,0,0.48011597534017136,0,0.0
0,0,0.4516249325021676,0,0.0
0,0,0.46876847295833335,0,0.0
0,0,0.42115439255496273,0,0.0
0,0,0.4721837364123709,0,0.0
0,0,0.3994342831194335,0,0.0
0,0,0.2828677397680342,0,0.29
0,0,0.4124058073684155,0,0.0
0,0,0.4443368510333083,0,0.0
0,0,0.39460490260415376,0,0.0
0,0,0.4868750535522403,0,0.0
0,0,0.3427062236877109,0,0.01
0,0,0.3620796079203706,0,0.1
0,0,0.3868355811050998,0,0.0
1,0,0.27722781848148326,1,0.95
0,0,0.43940314105821227,0,0.0
0,0,0.4779439584366948,0,0.0
0,1,0.6980604417334907,0,0.07
0,0,0.35221749134680697,1,0.7
0,0,0.42387666564263593,0,0.0
0,0,0.3947370999203096,0,0.0
0,0,0.3636766102859472,0,0.0
0,0,0.4541582054780873,0,0.0
0,0,0.40482211792364176,0,0.0
1,0,0.2804580852495922,1,0.87
0,0,0.48407118904799645,0,0.0
0,0,0.4669212489637839,0,0.0
0,0,0.4355417592018027,0,0.0
0,0,0.4468111577465905,0,0.0
0,0,0.1525708077569146,1,0.68
0,0,0.4735019589799405,0,0.07
0,0,0.4807538669814598,0,0.0
0,0,0.4362665105115007,0,0.0
0,0,0.26023135500153755,0,0.38
0,0,0.35952827260216824,0,0.0
0,0,0.3808551640545743,0,0.0
0,1,0.9766003283513103,0,0.15
0,0,0.41665659323229315,0,0.0
0,0,0.39467753382717474,0,0.0
0,0,0.3487919122396111,0,0.0
0,0,0.45516009262432505,0,0.0
0,0,0.3704850265089667,0,0.0
1,0,0.22940677408665475,1,0.64
0,0,0.42869231698178406,0,0.0
0,0,0.4641065316536388,0,0.0
0,0,0.4450821696989207,0,0.0
0,0,0.37228146573526666,0,0.0
0,0,0.37592775046989835,0,0.04
0,0,0.36808564147490724,0,0.0
0,0,0.4062096780801871,0,0.0
0,0,0.44111695809362905,0,0.0
0,0,0.46868028758757574,0,0.0
0,0,0.4375538093179257,0,0.0
0,0,0.48413745031030647,0,0.0
0,0,0.42710116937088777,0,0.0
0,0,0.37978182465645116,0,0.03
0,0,0.34431507601721595,0,0.0
0,1,0.5289594051147651,0,0.07
0,1,0.6570630110722178,0,0.0
0,0,0.420335294389663,0,0.0
0,0,0.42792658980593185,0,0.0
0,0,0.41466301265180905,0,0.0
0,0,0.42619556404149417,0,0.0
1,1,0.5333964305887556,1,0.98
0,0,0.4277127189378742,0,0.0
0,0,0.36747827197893423,0,0.38
0,0,0.4472563420051264,0,0.0
0,0,0.46297344197355766,0,0.0
1,0,0.06748499889049242,1,1.0
0,1,0.6204684308041291,0,0.02
0,0,0.4768039789046841,0,0.0
0,1,0.7709779253083411,0,0.16
0,0,0.38186324690915585,0,0.0
0,0,0.4779090514373791,0,0.0
0,0,0.45212130460908917,0,0.0
0,0,0.29844202935934644,1,0.95
0,0,0.43728746436916965,0,0.03
1,0,0.3731556059231528,1,0.99
0,0,0.37621667958132243,0,0.0
0,0,0.4451827693733935,0,0.0
0,0,0.49240692046519896,0,0.0
0,0,0.4696228814485776,0,0.0
0,1,0.8846126191670466,0,0.42
0,0,0.42432698730316376,0,0.0
0,0,0.35597360526262967,0,0.01
0,0,0.3883394296247378,0,0.0
0,0,0.4970232366642922,0,0.0
0,0,0.44427698358769263,0,0.0
0,0,0.45083956327718255,0,0.0
0,0,0.4109244294813124,0,0.0
0,0,0.41827963169928123,0,0.0
0,0,0.4599088224555087,0,0.0
0,0,0.4807681684114721,0,0.0
0,0,0.40258905498656594,0,0.0
0,0,0.41136899105868696,0,0.0
0,0,0.44498290420342385,0,0.0
0,0,0.4047421323049378,0,0.0
0,0,0.4434119333543684,0,0.0
0,0,0.3708456552559408,0,0.0
0,0,0.47801874564605407,0,0.0
0,0,0.34852054440342534,0,0.16
0,0,0.38775113284501256,0,0.0
1,1,0.5638387380653362,0,0.16
0,0,0.4634620659688824,0,0.0
0,1,0.5005000368559276,0,0.0
0,0,0.3612462388839521,0,0.03
0,0,0.4153002540278716,0,0.0
0,0,0.44497408846627307,0,0.0
1,1,0.5643930360145323,1,0.99
0,0,0.3827551562132882,0,0.0
0,0,0.46852930264399656,0,0.04
0,0,0.43665724678763634,0,0.0
0,0,0.45690758288065786,0,0.0
0,0,0.4274183373900964,0,0.0
0,0,0.22127434178073108,0,0.32
0,0,0.29100109095558024,0,0.02
1,0,0.3017934342656545,1,0.58
1,0,0.2110699795425167,0,0.1
0,0,0.44319276182876466,0,0.0
0,0,0.39796452296105606,0,0.12
0,0,0.41878937460434607,0,0.09
0,0,0.44734874286170895,0,0.0
0,0,0.4403542801817983,0,0.0
0,0,0.37204993310351214,0,0.0
0,0,0.4463722273292759,0,0.0
0,0,0.43402333398603066,0,0.0
0,0,0.4063667624803732,0,0.0
1,0,0.42235546995821094,1,0.62
1,0,0.2672848224168431,1,0.53
1,0,0.11270799268614508,1,1.0
0,0,0.41894197394835053,0,0.0
0,0,0.43980137444835327,0,0.0
0,0,0.45180886135845655,0,0.0
0,0,0.3811660079189893,0,0.0
0,0,0.46753564174000906,0,0.0
0,0,0.4463422335119037,0,0.0
0,0,0.42235938670149115,0,0.0
0,0,0.40026219211531217,0,0.0
0,1,0.6264138455904686,0,0.33
0,0,0.4464057763504967,0,0.0
0,0,0.4413753865896473,0,0.0
0,0,0.4407069318719513,0,0.0
1,0,0.23293485841783443,1,0.61
0,0,0.49781191215136145,0,0.0
1,1,0.547740643596852,1,0.99
0,0,0.45091798575555747,0,0.0
0,0,0.4828004602310668,0,0.0
0,0,0.42510736559886647,0,0.0
0,0,0.43517848298958295,0,0.0
0,0,0.4334454227729446,0,0.0
0,0,0.37879407125807024,0,0.02
0,0,0.27454220839257343,0,0.17
0,0,0.41437665697246157,0,0.0
0,0,0.41051795528268525,0,0.0
0,0,0.4785208271438758,0,0.0
0,0,0.42247160743333767,0,0.0
0,0,0.4121797497806692,0,0.01
1,0,0.12089375382852191,1,0.95
0,0,0.4871090730040595,0,0.0
0,0,0.4314531540160946,0,0.0
0,0,0.36419883018766086,0,0.0
0,0,0.4111672857331257,0,0.0
0,0,0.49623812544356377,0,0.0
0,0,0.474134474903939,0,0.0
0,0,0.44893488244411134,0,0.0
0,0,0.4018614548962147,0,0.0
0,0,0.44187912162429016,0,0.0
0,0,0.42017590053060166,0,0.0
0,0,0.4835127384011816,0,0.0
0,0,0.44757657062668005,0,0.0
0,0,0.35548502794126385,0,0.0
0,0,0.43453341501325493,0,0.0
0,0,0.444560542315865,0,0.0
1,0,0.14201546743910443,1,0.99
0,0,0.46871792674279633,0,0.0
0,0,0.4875515109480805,0,0.0
0,0,0.46621803308818804,0,0.02
0,0,0.37638087677413024,0,0.0
0,1,0.5282485168502249,1,0.58
0,0,0.3133139896065362,0,0.0
0,0,0.4332204868919643,0,0.0
0,0,0.3773245393543013,0,0.0
0,0,0.42827915957477536,0,0.0
0,0,0.4048524329089331,0,0.0
1,1,0.6073514792152351,0,0.19
0,0,0.4600269266684994,0,0.0
0,0,0.46516409509401907,0,0.01
0,0,0.34217166784368197,0,0.12
0,0,0.4041222202663988,0,0.0
0,0,0.43010234318050306,0,0.0
0,0,0.47985451986404765,0,0.0
0,0,0.4575558927364168,0,0.0
0,0,0.39403677207924487,0,0.0
0,0,0.4024454523991317,0,0.0
0,0,0.3633051095229187,0,0.0
0,0,0.4113830755388005,0,0.0
0,0,0.4768354122380258,0,0.0
0,0,0.44645866162599307,0,0.0
0,0,0.47320886807813173,0,0.0
0,0,0.4767969899758379,0,0.0
0,0,0.48073757433617476,0,0.0
1,0,0.1624544399731274,1,0.6
0,0,0.3978855332824907,0,0.0
0,0,0.4648916716381012,0,0.0
1,0,0.4649437226323165,1,0.99
0,0,0.38024167426240424,0,0.04
0,0,0.4506436621822726,0,0.0
0,0,0.48276011239638916,0,0.0
0,1,0.5669915804916272,0,0.02
0,0,0.43779015143604916,0,0.0
0,0,0.41522791285200655,0,0.0
0,0,0.4741476699721995,0,0.0
0,0,0.4878717992588242,0,0.0
0,0,0.3946637517629015,0,0.0
0,0,0.3995783035545373,0,0.0
0,0,0.46486211669714683,0,0.0
0,0,0.44534590471550994,0,0.0
0,0,0.3760212209904851,0,0.0
0,0,0.470728050448791,0,0.0
0,0,0.442207935336822,0,0.0
0,0,0.4897810375180546,0,0.03
0,0,0.4705434629158018,0,0.0
0,0,0.41968047637161504,0,0.0
0,0,0.46264964737834186,0,0.0
0,0,0.4077322067394167,0,0.0
0,0,0.4486485924172878,0,0.0
0,0,0.4416942973088653,0,0.0
0,0,0.44384346813320646,0,0.0
0,0,0.4207392999853308,0,0.0
0,0,0.44527062863931727,0,0.0
0,1,0.5398183119179453,0,0.17
0,0,0.4101487092914346,0,0.0
0,0,0.45354832279516355,0,0.0
0,1,0.6140769236676948,0,0.05
0,0,0.42625771312362215,0,0.0
0,0,0.4404607630541729,0,0.0
0,0,0.42410242168272594,0,0.0
0,0,0.2832942392125378,0,0.08
0,0,0.42172357560707213,0,0.0
1,0,0.34279133516683985,1,0.89
0,0,0.4181085890867196,0,0.0
0,0,0.3988433418358939,0,0.0
0,0,0.4755043137929903,0,0.0
0,0,0.4323975324793437,0,0.0
0,0,0.42734043028305285,0,0.0
0,0,0.4276701370433212,0,0.0
0,0,0.41408357992015127,0,0.0
0,0,0.463804884227259,0,0.0
0,0,0.4382072527842569,0,0.0
0,1,0.5021937485151984,0,0.0
0,0,0.45470126116064646,0,0.02
0,0,0.27516412626014175,0,0.07
0,0,0.2852093935663299,0,0.34
0,0,0.47119661769119864,0,0.05
0,0,0.33844866269224927,1,0.83
0,0,0.37325378869573156,0,0.0
0,0,0.4306286468318487,0,0.0
0,0,0.325121443152843,0,0.0
0,0,0.4193960014287123,0,0.0
0,0,0.43111946161151504,0,0.0
0,0,0.45061400946400143,0,0.0
0,0,0.4932576478890472,0,0.0
0,0,0.4077963316956501,0,0.0
0,0,0.4877493070524395,0,0.1
0,0,0.36522445533657394,0,0.0
1,0,0.3449379661246802,1,1.0
0,0,0.45659376599430285,0,0.0
0,0,0.31262776967828476,0,0.24
0,0,0.39390435475905516,0,0.0
1,1,0.6110022917498649,1,0.98
0,0,0.30107879743511595,1,0.62
0,0,0.4887353081986532,0,0.0
0,0,0.38456458193852655,0,0.0
0,0,0.36056526121329896,0,0.0
0,0,0.11331495667274037,1,0.52
0,0,0.4397831203859075,0,0.0
0,0,0.42322458776789884,0,0.0
0,0,0.39251644662033514,0,0.0
0,0,0.4645196009617616,0,0.0
0,0,0.39444932513090836,0,0.0
0,0,0.41001664043720554,0,0.0
1,0,0.28915510389138854,0,0.14
0,0,0.4286376444787523,0,0.0
0,0,0.42761427204108066,0,0.0
0,0,0.41527464968041433,0,0.0
0,0,0.3350183011184291,0,0.18
0,0,0.4230740861037035,0,0.0
0,0,0.3857227129388484,0,0.0
1,1,0.9457039801151133,1,1.0
0,0,0.48294841526814,0,0.0
0,0,0.474891449823511,0,0.0
1,0,0.06716853318457777,1,0.85
0,0,0.3782110582041439,0,0.0
0,0,0.4757845278737927,0,0.0
0,0,0.44066089101373357,0,0.0
0,1,0.549217627704376,0,0.13
0,1,0.5452958546254294,0,0.02
0,0,0.4453122990814573,0,0.0
0,0,0.41251198010319395,0,0.0
0,0,0.4639605418024065,0,0.0
0,0,0.4189675829664854,0,0.0
0,0,0.44065319887868104,0,0.01
0,0,0.41144755150691426,0,0.0
1,1,0.6460544134794806,1,0.82
0,0,0.4482130920943392,0,0.0
0,0,0.4379348598025608,0,0.0
0,0,0.4389199138304895,0,0.0
0,0,0.31646720234617687,0,0.01
0,0,0.41357401818256284,0,0.0
0,0,0.451763420133889,0,0.0
0,0,0.33854860944736015,0,0.46
0,0,0.4386192290531135,0,0.0
0,0,0.3973366648972893,0,0.0
0,0,0.4308230582325262,0,0.0
0,0,0.4244249626492338,0,0.0
0,0,0.4459279656558975,0,0.0
0,0,0.38327347965195674,0,0.0
0,0,0.44740384706262315,0,0.0
0,0,0.4213786293055826,0,0.0
0,0,0.4283965878112944,0,0.0
0,0,0.4142628827568137,0,0.0
0,0,0.4415762076214987,0,0.04
1,0,0.1405884001522107,0,0.45
0,1,0.70287634002202,1,0.62
0,0,0.3271336811613695,1,0.6
0,0,0.43585136064474445,0,0.0
0,0,0.4076211271523891,0,0.0
0,0,0.4237002069218706,0,0.0
0,0,0.4710945535986416,0,0.0
0,0,0.4792746308548775,0,0.0
0,0,0.4179088381379955,0,0.0
1,0,0.16470452852719705,1,0.61
0,0,0.46980747627837244,0,0.0
1,0,0.17561481169996898,0,0.23
0,0,0.484418208110364,0,0.0
0,0,0.46970515468218643,0,0.0
1,0,0.12367921341835937,1,0.96
0,0,0.4716380372222597,0,0.0
0,0,0.39882053643879606,0,0.0
0,0,0.42527491981265686,0,0.0
0,0,0.46244431260324587,0,0.0
0,0,0.4218605756689017,0,0.0
0,0,0.4489486046226418,0,0.0
0,0,0.412642491850919,0,0.0
0,0,0.4329221112917028,0,0.0
0,1,0.5229612614005336,0,0.0
0,0,0.36493822768955325,0,0.0
0,0,0.47716878397675144,0,0.0
0,0,0.1704538988542434,1,0.55
1,0,0.27773591760253064,0,0.48
0,0,0.4101639047210092,0,0.03
0,0,0.42915545333378896,0,0.0
0,1,0.5492212148372488,0,0.15
0,0,0.469561357976628,0,0.0
1,0,0.007148392353385781,1,0.99
0,0,0.37257070876144005,0,0.08
0,1,0.509982942298335,0,0.0
0,0,0.4129214359173914,0,0.0
0,0,0.4163760136530981,0,0.0
0,0,0.4151540145082278,0,0.0
0,0,0.40829812267697296,0,0.0
0,1,0.5255125273287407,0,0.03
0,0,0.3889929463378517,0,0.0
0,0,0.3791498228771447,0,0.07
0,1,0.5733727787534916,0,0.12
0,0,0.4010410191342938,0,0.0
0,0,0.0601365756990265,1,0.68
0,0,0.4342449501863691,0,0.0
0,0,0.43447124217927585,0,0.0
0,0,0.4114069030789869,0,0.0
0,0,0.2074530321730618,1,0.51
0,0,0.4809036421941442,0,0.0
0,0,0.45509949189723214,0,0.02
0,0,0.3464979544217684,0,0.03
0,0,0.4767343302531787,0,0.0
0,0,0.4359215455747196,0,0.0
0,0,0.42265125655257685,0,0.0
0,1,0.6399946339601205,0,0.45
0,0,0.3394748466712355,0,0.11
0,0,0.41720854856817213,0,0.0
0,0,0.39905084133966967,0,0.0
0,0,0.46642671229153176,0,0.0
0,0,0.410505689700541,0,0.0
0,0,0.41152653951466356,0,0.0
0,1,0.5045282704763563,0,0.09
0,0,0.3873679561567426,0,0.0
0,1,0.5503175077041754,0,0.07
0,0,0.34132946194098673,0,0.04
0,0,0.36715730292032667,0,0.0
0,0,0.43655641816750806,0,0.0
0,1,0.5353988555950693,0,0.0
0,0,0.4333060159956697,0,0.0
0,0,0.3748063163872064,0,0.0
0,0,0.334617567859625,1,0.92
0,0,0.47831372566452607,0,0.0
0,1,0.5126407529991127,0,0.0
0,0,0.42718531407708266,0,0.0
0,0,0.35587895096713684,0,0.0
0,0,0.41380169297607017,0,0.0
0,0,0.4736835841061241,0,0.0
0,0,0.38394849692526845,0,0.0
0,0,0.37845243579816285,0,0.02
0,0,0.42190548345782064,0,0.0
0,0,0.3452856037007307,0,0.0
0,0,0.4352541679194195,0,0.0
0,0,0.464227615358879,0,0.0
0,1,0.6116168224455737,0,0.02
0,1,0.5075672865833695,0,0.06
0,0,0.3668324894387142,0,0.01
1,1,0.8539919430948878,1,0.83
0,0,0.47244389222598276,0,0.0
0,0,0.3989487665936529,0,0.0
0,0,0.43529839769752793,0,0.0
0,0,0.42978613086881734,0,0.0
1,0,0.16803750236123688,0,0.33
0,0,0.42865760830062544,0,0.0
0,0,0.43100013566703044,0,0.0
0,0,0.4369913816310282,0,0.0
0,0,0.48217698894379996,0,0.0
0,0,0.437984598342205,0,0.0
0,0,0.46399284799146157,0,0.0
0,0,0.4301481367597446,0,0.0
0,0,0.48291883153562754,0,0.0
0,0,0.41936569555521563,0,0.0
0,0,0.3274450105950073,0,0.1
0,0,0.44248385643611976,0,0.0
0,0,0.3876247620507354,0,0.0
0,0,0.42467878817083793,0,0.0
0,0,0.44665009484640056,0,0.0
1,1,0.6447724384946434,1,0.9
0,0,0.44979660292133183,0,0.0
1,0,0.25192950028488387,0,0.27
0,0,0.42480348571631477,0,0.0
1,1,0.7138240320195676,1,0.61
1,1,0.5920643891234193,1,0.96
0,0,0.43135378704402394,0,0.0
0,0,0.4311299368976477,0,0.0
1,0,0.24917523995164134,0,0.46
0,0,0.3317111886366132,0,0.0
0,0,0.4136562729326331,0,0.0
0,0,0.40226791713265225,0,0.0
0,0,0.46895513798570626,0,0.0
0,0,0.43795988777716877,0,0.0
0,1,0.6068832142410597,0,0.04
0,0,0.30693586586869986,0,0.12
1,0,0.2213876615021381,1,0.92
0,0,0.21057072087319448,0,0.21
0,0,0.408027295928586,0,0.0
0,0,0.3681723650497847,0,0.0
0,0,0.4374965903864745,0,0.0
0,0,0.37074975668984134,0,0.0
0,0,0.2715097701576322,0,0.48
0,0,0.40147105060328064,0,0.0
0,0,0.4411492659106123,0,0.0
0,0,0.44097164204092953,0,0.0
0,0,0.21908952183266212,0,0.06
1,0,0.12884495303174207,1,0.73
0,0,0.444400046201355,0,0.0
0,0,0.4523310714020208,0,0.0
0,0,0.353364659997279,0,0.05
0,0,0.4694560547671588,0,0.0
0,0,0.38178696447350796,0,0.01
0,0,0.4579784169704771,0,0.0
0,0,0.3037412278413494,0,0.05
0,0,0.41424169756458556,0,0.0
1,0,0.2125547961881087,0,0.04
0,0,0.49926789017910816,0,0.0
0,0,0.42556450110129945,0,0.0
0,0,0.4428370929771602,0,0.0
0,0,0.42688787401956535,0,0.0
0,0,0.47162593033608835,0,0.0
0,0,0.295260724930021,0,0.02
0,0,0.49532401391804554,0,0.0
0,0,0.3797889570305409,0,0.0
0,0,0.4284825914289957,0,0.0
0,0,0.47553975321343833,0,0.0
1,0,0.2979315993714095,1,0.64
0,0,0.4243595511490733,0,0.0
0,0,0.46889787953274426,0,0.0
1,0,0.41212968434170594,0,0.27
0,0,0.38387593170878875,0,0.0
1,0,0.1939263727441786,0,0.32
0,0,0.354111341146631,0,0.03
0,0,0.4666230822060276,0,0.0
0,0,0.46823626476214913,0,0.0
0,0,0.43676896911957247,0,0.0
0,0,0.49038971301634365,0,0.0
0,0,0.47646481551330816,0,0.0
0,0,0.4109565532699468,0,0.0
0,0,0.45582950474626577,0,0.0
0,0,0.43567961903034047,0,0.0
0,0,0.43203601319553914,0,0.0
0,0,0.49674523793199676,0,0.0
0,0,0.44646650455889375,0,0.0
0,0,0.2417165128027289,1,0.67
0,0,0.424126231609679,0,0.0
0,0,0.4198284172390696,0,0.0
0,1,0.6574688260276047,0,0.09
0,0,0.4458296190043086,0,0.0
0,0,0.4375267078440448,0,0.0
0,0,0.4140104842332581,0,0.0
0,0,0.4426165957412876,0,0.0
0,0,0.19327789218291141,1,0.62
0,0,0.4394507827401987,0,0.0
1,1,0.8443007804060491,1,1.0
0,0,0.47771033205150726,0,0.0
0,0,0.44143588538486983,0,0.0
1,1,0.5997937879871412,0,0.16
1,0,0.09422739212605208,1,0.76
0,0,0.43025152970897784,0,0.0
1,0,0.28194012820602077,0,0.06
0,0,0.48187449299248153,0,0.0
1,0,0.31077182152915545,1,0.64
0,0,0.36864349423330844,0,0.0
0,0,0.4772367496172681,0,0.0
0,0,0.32798064668387006,0,0.0
1,0,0.3547774266822258,1,0.8
0,0,0.4775011589277372,0,0.0
0,0,0.47023279874084356,0,0.0
0,0,0.4146176094139243,0,0.0
0,0,0.46932151933717015,0,0.0
0,0,0.43696265237835463,0,0.0
0,0,0.3892364036839052,0,0.0
0,0,0.44935543134717265,0,0.0
0,0,0.4152261354274706,0,0.0
1,0,0.08667777690342136,1,0.79
1,0,0.30226159941449904,0,0.39
1,0,0.21535146487159587,0,0.49
0,0,0.44060091917526445,0,0.0
0,0,0.4263982923101856,0,0.0
0,0,0.38347755728917343,0,0.0
0,0,0.471275421207852,0,0.0
0,0,0.4413731357202704,0,0.0
0,0,0.43552037375390446,0,0.0
0,0,0.449291921675923,0,0.0
0,0,0.44495795201196453,0,0.0
0,0,0.41165087904924946,0,0.0
0,0,0.4390014310733299,0,0.0
0,0,0.4470449014413252,0,0.0
1,1,0.9114794704273029,1,0.99
0,0,0.4750161130381701,0,0.0
0,0,0.42310816524088857,0,0.0
0,0,0.3607778554484506,0,0.0
0,1,0.702936212894371,0,0.24
0,0,0.4736981061313697,0,0.0
0,0,0.4022360223887919,0,0.0
0,1,0.5768870590789751,0,0.12
0,0,0.4674481876245236,0,0.0
0,0,0.4520390215579692,0,0.0
0,0,0.43912181720649474,0,0.0
0,0,0.4877866132944766,0,0.18
1,1,0.6873367095359515,1,0.99
0,0,0.3619533714735051,0,0.0
0,0,0.33386552114074675,0,0.0
0,0,0.432233966554672,0,0.0
1,1,0.8706595093480989,1,0.82
0,0,0.47769085280178,0,0.0
0,0,0.4004085623754327,0,0.0
0,0,0.4343227243024643,0,0.0
0,0,0.4195192962266683,0,0.0
0,0,0.4824323559912928,0,0.0
0,0,0.42007928162518293,0,0.2
0,0,0.4564219569498109,0,0.0
0,0,0.4440982980952384,0,0.0
0,0,0.38248334970970077,0,0.01
0,0,0.4891695566609866,0,0.0
0,0,0.021232188279105065,1,0.84
0,0,0.43125253754827675,0,0.0
0,0,0.3828672963578278,0,0.0
0,0,0.46704818657442293,0,0.0
0,0,0.36035996383702684,0,0.11
0,0,0.3960843074040812,0,0.0
0,0,0.45410788727930584,0,0.0
0,0,0.47700013413311565,0,0.0
0,0,0.44103567671594257,0,0.0
0,0,0.45608619659531097,0,0.0
0,0,0.3935901706735371,0,0.0
0,0,0.429795926786922,0,0.0
0,0,0.4336450999753542,0,0.0
0,0,0.4109054648999864,0,0.0
0,0,0.43448988938748756,0,0.0
0,0,0.4171001157294996,0,0.0
0,0,0.44179067761031343,0,0.01
0,0,0.4306177412229884,0,0.0
0,0,0.4140738552741877,0,0.0
0,0,0.4021070590481874,0,0.0
0,0,0.42207540495234314,0,0.0
0,0,0.42956377618057795,0,0.0
0,0,0.43622320036391793,0,0.0
0,0,0.38856373449978177,0,0.0
0,0,0.4452184190097456,0,0.0
0,0,0.4360005350353561,0,0.0
0,0,0.4434591954971713,0,0.0
0,0,0.4233525157066287,0,0.0
0,1,0.6678400138669477,0,0.05
0,0,0.4368293302533537,0,0.0
0,0,0.48474496840062564,0,0.0
0,0,0.44396769426178817,0,0.0
0,0,0.4407102522675045,0,0.0
0,1,0.7382199613160331,0,0.1
1,0,0.1515215108473057,1,0.63
0,1,0.5426926165653094,0,0.09
0,0,0.4533044857247299,0,0.0
0,0,0.46117439641190233,0,0.0
0,0,0.38367976923113967,0,0.0
1,1,0.9311963164355541,1,1.0
0,0,0.49722864332707856,0,0.0
0,0,0.42068161188675046,0,0.0
0,0,0.3607376604797003,0,0.0
0,0,0.43030923573083474,0,0.0
0,0,0.49228105146449025,0,0.02
0,0,0.4074088535313179,0,0.0
0,0,0.12530210105848058,1,0.73
0,1,0.5543189255615507,0,0.14
0,0,0.43274396901836876,0,0.0
0,0,0.3327288603363853,0,0.0
1,0,0.2051489818292069,1,0.83
0,0,0.44433613831611396,0,0.0
0,1,0.5225726694085984,0,0.25
0,0,0.35858561297853986,1,0.8
0,0,0.37530374909519165,0,0.0
0,0,0.38529388965946165,0,0.0
0,0,0.43394282153550384,0,0.0
0,0,0.40473766046009696,0,0.0
1,1,0.5653162137962365,1,1.0
0,0,0.39783618665849396,0,0.0
0,0,0.42986641377195617,0,0.0
0,0,0.4717798712003078,0,0.0
0,0,0.31639909152247925,0,0.3
0,0,0.42584478744715,0,0.0
0,0,0.4625307614318516,0,0.0
0,1,0.6395102141769603,0,0.17
0,0,0.43942020660702585,0,0.0
0,0,0.4305191818586491,0,0.0
0,0,0.4184376536749425,0,0.0
0,0,0.32066709223990436,0,0.37
0,0,0.42529603149948425,0,0.0
1,0,0.24944705373841394,0,0.23
1,0,0.08258669235769332,1,0.91
0,0,0.41232605159885644,0,0.0
0,1,0.5058261838245078,0,0.0
0,0,0.48149063426677347,0,0.0
1,0,0.31473792751459334,1,0.68
0,0,0.4026771297500669,0,0.0
0,1,0.551800928161256,0,0.17
0,0,0.4185039618090507,0,0.0
0,0,0.3460883321079921,0,0.0
0,0,0.3847548199949247,0,0.0
0,0,0.36720186545209604,0,0.0
0,0,0.4458495429438272,0,0.0
0,0,0.49701020372904264,0,0.0
0,0,0.4393244517707199,0,0.0
0,0,0.4597274817563528,0,0.0
0,0,0.4295784295643542,0,0.0
1,1,0.5951645165516519,1,1.0
0,0,0.42654585780817306,0,0.0
1,0,0.29393406495909913,0,0.2
0,1,0.5032332091565421,0,0.0
0,0,0.47731284763179704,0,0.0
0,0,0.3659894992760125,0,0.0
0,0,0.44714641981494024,0,0.0
0,0,0.4266023456721121,0,0.0
1,1,0.6317985062174266,1,0.74
0,1,0.5019176316118671,0,0.06
0,0,0.3844862662929483,0,0.0
0,0,0.3850094344087577,0,0.0
0,0,0.4715413340968508,0,0.0
0,0,0.4292688405057719,0,0.0
0,0,0.4654872902132024,0,0.0
0,0,0.40925844754181306,0,0.0
0,0,0.38343609776173315,0,0.0
0,0,0.3988823222997682,0,0.0
0,0,0.4314749228414616,0,0.0
0,0,0.414405418544686,0,0.17
0,0,0.3363240886246238,0,0.02
0,0,0.32820341585634605,0,0.03
0,0,0.40213005708081057,0,0.0
0,0,0.4809696085137991,0,0.0
0,0,0.4426683013461793,0,0.0
0,1,0.8057879834911964,0,0.04
0,0,0.39244237358362266,0,0.0
0,0,0.43287486703806277,0,0.0
0,0,0.431048488527152,0,0.0
0,0,0.35466393607237867,0,0.0
0,0,0.3110727315419941,0,0.02
0,0,0.35290913213666986,0,0.0
0,0,0.27760271780330387,0,0.34
0,0,0.36456633639208835,0,0.0
0,0,0.42563319460481147,0,0.0
0,0,0.48051252620591656,0,0.0
0,0,0.42554445930386386,0,0.0
0,1,0.6880780616740538,0,0.13
0,0,0.4444085990690953,0,0.0
0,0,0.44681778307857567,0,0.0
0,0,0.48491247999765275,0,0.0
0,0,0.4807100289797723,0,0.0
0,0,0.40641640472376256,0,0.0
0,0,0.4674069879698172,0,0.0
0,0,0.404374807953442,0,0.0
0,0,0.38201826741590444,0,0.0
0,0,0.35964568105802,0,0.04
0,0,0.44566052122382305,0,0.0
0,0,0.4723426433148868,0,0.0
0,0,0.35038859111924103,0,0.0
0,0,0.4332774859797924,0,0.0
1,1,0.9156442935836109,1,0.99
0,0,0.3473785940698598,0,0.12
0,1,0.5853274020835314,1,0.56
0,0,0.4141482815404318,0,0.0
0,0,0.4123979571638466,0,0.0
0,0,0.42871539475149406,0,0.0
0,0,0.43463054574682547,0,0.0
1,0,0.16382918933633264,1,0.95
1,0,0.3518622754530424,1,0.57
0,0,0.4166079865598689,0,0.0
0,0,0.4184341828367232,0,0.0
0,0,0.4977214608801239,0,0.0
0,0,0.4226876492734332,0,0.0
0,0,0.44588787827673,0,0.0
0,0,0.4480378363040705,0,0.0
0,0,0.43219344728798914,0,0.0
0,0,0.4559135724613133,0,0.0
0,0,0.27650225702564785,0,0.2
0,0,0.4404339660942111,0,0.0
0,0,0.43810397592154504,0,0.0
0,0,0.4360457285701838,0,0.0
0,0,0.4092253320041235,0,0.0
0,0,0.3115107843585612,0,0.02
0,0,0.4565574985216413,0,0.0
0,1,0.5256854687471224,0,0.09
1,0,0.3962032700362337,1,0.88
1,0,0.31228357926491046,1,0.91
0,0,0.3965988588546062,0,0.0
0,0,0.4386746710903594,0,0.0
0,0,0.4486756278833163,0,0.0
1,0,0.29969026443000657,0,0.0
0,0,0.43314323059700804,0,0.0
0,0,0.4365954708845079,0,0.0
0,0,0.4616460689926137,0,0.0
0,0,0.395191133600709,0,0.0
0,0,0.40969110222130894,0,0.0
0,0,0.42936243176872296,0,0.0
0,0,0.48128828130896856,0,0.0
0,0,0.48117546765604313,0,0.0
0,0,0.47355248863894606,0,0.0
0,0,0.43844605140072784,0,0.0
1,0,0.4986904802716248,0,0.43
1,0,0.05769027955383837,1,0.76
0,0,0.19836476189861252,1,0.54
0,0,0.43137475256376856,0,0.0
1,0,0.47120888635403546,1,0.98
0,0,0.38863753055049816,0,0.0
0,0,0.46064594373590345,0,0.0
0,0,0.32252325097423495,0,0.0
1,0,0.08252028947195558,1,0.94
1,0,0.12234969143226539,1,0.55
0,0,0.35900070199327083,0,0.0
0,0,0.4763030076270089,0,0.0
0,0,0.4504275482642845,0,0.0
0,0,0.42146331896044503,0,0.0
0,0,0.42063527237052933,0,0.0
0,0,0.46223396527081007,0,0.0
0,0,0.4341877634674592,0,0.0
0,0,0.45339284772899646,0,0.01
0,0,0.4426424258803224,0,0.0
1,0,0.30700694827241004,1,0.88
0,0,0.4807015370691749,0,0.0
0,0,0.43779015143604916,0,0.0
0,0,0.3796353791489918,0,0.01
0,0,0.38612336094207944,0,0.0
1,0,0.08436165186138218,1,0.91
1,0,0.2992960041891437,0,0.36
1,1,0.510768702586844,1,1.0
0,0,0.42431143363643165,0,0.0
0,0,0.4166638807182567,0,0.0
1,1,0.9044488882588648,1,1.0
0,0,0.4340962842681205,0,0.0
0,0,0.4791548765128042,0,0.0
0,0,0.4085276842403702,0,0.0
0,0,0.43617832897451625,0,0.0
0,0,0.4834511695413814,0,0.0
0,0,0.4860311808585484,0,0.0
0,1,0.5686417397715955,0,0.27
1,0,0.17170419585618135,0,0.48
0,0,0.4780383217488338,0,0.0
0,0,0.43918627886959527,0,0.0
1,0,0.34349807831277646,0,0.12
0,0,0.47603902220415595,0,0.0
0,1,0.501265633728162,0,0.02
0,0,0.42762476482616785,0,0.0
0,0,0.4393031208627478,0,0.0
0,0,0.44452027852428216,0,0.0
0,0,0.4112014447379588,0,0.16
0,0,0.41864301334642473,0,0.0
0,1,0.5573432022377841,0,0.24
1,0,0.13265686158828166,1,0.64
0,0,0.376337088855096,0,0.0
0,0,0.08933028814244545,0,0.31
0,0,0.4788769111231436,0,0.0
1,0,0.35643898499559895,1,0.71
0,0,0.43491573784845233,0,0.0
0,0,0.4563515335158428,0,0.0
1,0,0.1543724206014272,1,0.89
0,0,0.38284392914831344,0,0.0
0,0,0.4786057116960256,0,0.0
0,0,0.17964006858110004,1,0.75
1,0,0.44160078096344957,1,0.96
0,0,0.3821753150348831,0,0.0
0,0,0.1151683540248337,1,0.95
0,0,0.388840045924304,0,0.0
0,0,0.4379406277182961,0,0.0
0,1,0.659010071432538,0,0.15
0,1,0.5623866098493019,0,0.2
0,0,0.4097464110634839,0,0.0
0,0,0.4833738656323563,0,0.0
0,0,0.4085524328011633,0,0.0
0,0,0.38590369116872747,0,0.01
0,0,0.44441952778136545,0,0.0
0,0,0.4171251525725584,0,0.0
0,0,0.42698156995804337,0,0.0
0,0,0.19045089218752478,0,0.46
0,0,0.2045496863450581,1,0.65
0,0,0.35122219364410584,0,0.0
0,0,0.43977977630147613,0,0.06
0,0,0.45961726869473946,0,0.05
0,0,0.41993790981073487,0,0.0
0,0,0.4386480035540773,0,0.0
0,0,0.4179149239554822,0,0.0
0,0,0.3910615635569149,0,0.0
0,0,0.39500639253590586,0,0.0
0,0,0.2869378600789746,0,0.43
0,0,0.44168658367644054,0,0.0
1,1,0.5918663104169681,1,0.66
0,0,0.4400728339149159,0,0.0
0,0,0.38415055144661725,0,0.0
0,0,0.376901022553086,0,0.0
0,0,0.44844033706536734,0,0.0
0,0,0.43995049489629207,0,0.0
1,0,0.14127309029023577,1,0.68
1,0,0.21710068134602406,0,0.41
0,0,0.4962457470660562,0,0.0
0,0,0.41467430400623095,0,0.0
0,0,0.4150819612080213,0,0.0
0,0,0.38582659527492735,0,0.0
1,0,0.26960061156796034,1,0.52
0,0,0.39607873926615533,0,0.0
1,1,0.6056765170715317,0,0.36
0,0,0.48388773407805313,0,0.0
1,0,0.049105388785038374,1,0.91
0,1,0.9428501198528308,0,0.31
0,0,0.2698845332374654,0,0.01
0,0,0.3827698431670468,0,0.0
0,0,0.43842092970410984,0,0.0
0,0,0.42714202457102857,0,0.0
0,0,0.41092973301803,0,0.0
0,0,0.4611411538125862,0,0.0
0,0,0.46906746981165404,0,0.0
0,0,0.40145427266092465,0,0.0
0,0,0.43660025363461763,0,0.0
0,0,0.4505931505018274,0,0.0
0,0,0.43671518971107376,0,0.0
0,0,0.38146148153944737,0,0.0
0,0,0.41021006167924373,0,0.0
1,1,0.809190780839365,1,1.0
0,0,0.44985704119329295,0,0.0
0,0,0.4253303405943393,0,0.0
1,1,0.5449025544930516,0,0.16
0,0,0.40439388472215904,0,0.0
0,0,0.4437372995493015,0,0.0
1,1,0.5589927495593268,0,0.19
0,0,0.3642811757922139,0,0.0
0,1,0.5724462813069163,0,0.09
0,0,0.34110296130503187,0,0.04
0,0,0.4900351815627911,0,0.02
1,0,0.4749565321626507,1,0.98
0,0,0.4331174792207937,0,0.0
0,0,0.4199887002412883,0,0.0
0,0,0.44058336949725546,0,0.0
0,0,0.4626022561435599,0,0.0
0,0,0.2530021588420885,0,0.12
0,0,0.3370540008262472,0,0.02
0,0,0.42272733260894685,0,0.0
0,0,0.4437061862394767,0,0.0
0,0,0.4578562239101656,0,0.0
1,0,0.17097760733257336,0,0.37
0,0,0.49692880640134574,0,0.04
0,0,0.36262652427554676,0,0.0
0,0,0.36715143964773184,0,0.0
0,0,0.4000904359166476,0,0.0
0,0,0.44077618693432313,0,0.0
1,0,0.27530497990047875,0,0.31
0,0,0.4356922536164656,0,0.0
0,0,0.27017605385356036,0,0.0
0,0,0.25334493469208935,0,0.31
0,0,0.43371881978412596,0,0.1
0,0,0.40097565978764865,0,0.0
0,0,0.4720434132566697,0,0.0
0,0,0.416979479052621,0,0.01
1,1,0.7590840737110787,1,1.0
0,0,0.4713422808736799,0,0.0
1,0,0.31209215182323935,1,0.54
0,0,0.4696906723796545,0,0.0
0,0,0.34379655219271676,0,0.0
0,0,0.44336581702010525,0,0.0
0,0,0.3372511366439329,0,0.0
0,0,0.3191107708350672,0,0.1
1,1,0.8196193572501179,1,1.0
0,1,0.5004775610681809,0,0.28
0,0,0.4058278772809169,0,0.0
0,0,0.31602810088627686,0,0.0
0,0,0.46928524894866624,0,0.0
0,0,0.3191817738145343,0,0.15
0,0,0.4425984797016538,0,0.0
0,0,0.4191026023749713,0,0.0
0,0,0.4437684133004358,0,0.0
0,0,0.44860040629181874,0,0.0
0,0,0.4809158027523918,0,0.0
0,0,0.4819027921445487,0,0.0
0,0,0.44856460244412294,0,0.0
0,0,0.3323518126156944,0,0.0
0,0,0.33451991199789427,0,0.18
0,0,0.44949893631745935,0,0.0
0,0,0.44975633565328255,0,0.0
1,0,0.27743042595621,1,0.96
0,0,0.4332438770528801,0,0.0
0,0,0.23852491984656385,1,0.58
0,0,0.37158065421567116,0,0.0
0,0,0.2793834382493503,0,0.06
0,0,0.42232891328115046,0,0.0
0,0,0.4408976260305432,0,0.0
0,0,0.3691597612580987,0,0.0
0,0,0.4568374006134291,0,0.0
0,0,0.44353376476224193,0,0.0
0,0,0.42857481998508995,0,0.0
0,0,0.4348358100295562,0,0.0
1,0,0.4225593724841626,0,0.15
0,0,0.45429335534254567,0,0.0
0,0,0.2073018137233906,0,0.23
0,0,0.4836256055693227,0,0.0
0,0,0.3999894290233533,0,0.0
0,0,0.4416332896144579,0,0.0
0,0,0.36893278021783826,0,0.0
0,1,0.627209763071842,1,0.66
0,0,0.30471922204487123,0,0.02
1,0,0.3147961559776126,1,0.78
0,0,0.33553494686086177,0,0.0
0,0,0.44219344351987294,0,0.0
0,0,0.44275423861167246,0,0.0
0,0,0.2871273925390048,0,0.19
0,0,0.41880948648215555,0,0.0
1,0,0.30065402710515093,1,0.69
0,0,0.46406942683147945,0,0.0
0,0,0.3936196448226352,0,0.0
0,0,0.46045705466945863,0,0.0
0,0,0.4965295865172674,0,0.0
1,0,0.16801871476152289,0,0.47
0,0,0.4557016569301526,0,0.0
0,0,0.41141868222906314,0,0.0
0,0,0.44914878095902017,0,0.0
0,0,0.44614835954181475,0,0.0
0,0,0.3918767233794546,0,0.0
1,1,0.6450485892956479,1,0.73
0,1,0.536066765739391,0,0.04
0,0,0.4698675547544047,0,0.12
0,0,0.4429577333454327,0,0.0
0,0,0.4754102424336983,0,0.0
0,0,0.4327784925462523,0,0.0
0,0,0.3776608658420501,0,0.0
0,0,0.3086916298892239,0,0.2
0,0,0.41567401261823933,0,0.0
1,0,0.369404317836029,0,0.26
0,0,0.3999039373493188,0,0.0
0,0,0.44503258617910374,0,0.0
0,0,0.44660586166367067,0,0.0
0,0,0.4375187629977575,0,0.0
1,1,0.6783114182928522,1,0.99
1,1,0.824798371066315,1,0.96
0,0,0.4342905942763474,0,0.0
0,0,0.4275987283180224,0,0.0
0,0,0.45459533912559663,0,0.0
0,0,0.4403694651009306,0,0.0
0,0,0.40520739634326186,0,0.0
0,0,0.4448652760081629,0,0.0
0,0,0.4093842194971163,0,0.0
0,0,0.43661504129735157,0,0.0
1,0,0.45143742249135915,1,0.85
0,0,0.4093365530440487,0,0.0
0,0,0.4013627579986063,0,0.0
1,0,0.12332656519638854,0,0.31
0,0,0.43741860026562984,0,0.0
0,0,0.46149690197142335,0,0.0
0,0,0.38617221360012655,0,0.0
0,0,0.4088506255408352,0,0.0
0,0,0.3485566957673243,0,0.03
0,0,0.4472620330811069,0,0.0
0,0,0.43048896926246655,0,0.04
1,1,0.5743895834308789,0,0.23
0,0,0.4465825700118185,0,0.0
0,0,0.21186391622752004,0,0.05
0,0,0.20658048110522303,0,0.4
0,0,0.35021882040368796,0,0.09
0,0,0.454271654382378,0,0.01
0,0,0.4330526788345355,0,0.0
0,0,0.40276639951858306,0,0.0
0,0,0.4419999695489534,0,0.0
0,0,0.40664882861990387,0,0.0
0,0,0.4784557047748459,0,0.0
0,0,0.4768858741653561,0,0.0
0,0,0.20302960679686513,0,0.3
0,0,0.3720928834561549,0,0.0
0,0,0.43952963164107606,0,0.0
0,0,0.4217498940488982,0,0.0
0,0,0.3938726368568226,0,0.0
0,1,0.6798327854652833,0,0.07
0,0,0.410981008977722,0,0.0
1,0,0.07001154621114739,1,0.84
1,1,0.9994418993857678,1,0.99
0,0,0.48315919080459874,0,0.0
0,0,0.4194638760368926,0,0.0
0,0,0.4395707214650089,0,0.0
0,0,0.3759352016742697,0,0.0
0,0,0.47007519711632184,0,0.0
0,1,0.763001737822151,0,0.14
1,0,0.1738532613477846,1,0.56
0,0,0.44539803951079415,0,0.0
0,0,0.3194715864126028,0,0.01
0,0,0.4305474911148654,0,0.0
0,0,0.3953088697296033,0,0.0
0,0,0.39564051628130326,0,0.0
0,0,0.4361685373083915,0,0.0
0,0,0.22340497046701072,0,0.02
0,0,0.4204339265626569,0,0.0
1,0,0.30934171856753895,0,0.07
0,0,0.413528045728892,0,0.0
0,0,0.31901486076015007,0,0.0
0,0,0.4588292006208566,0,0.0
0,0,0.23553245600258838,0,0.24
0,0,0.4543944705322052,0,0.0
0,0,0.38001807420888756,0,0.0
0,0,0.39274860721070903,0,0.0
0,1,0.5094533106473708,0,0.02
0,0,0.48171482466217513,0,0.0
0,0,0.4761030883079864,0,0.0
0,0,0.46189086121253686,0,0.0
0,0,0.44517777846931184,0,0.0
0,0,0.43623645224718705,0,0.0
0,0,0.3108918031232883,0,0.1
0,0,0.41474460380187506,0,0.0
0,0,0.44323635319501997,0,0.0
1,0,0.04073687171564676,1,0.96
0,0,0.38993762429473466,0,0.0
1,0,0.1539527610978965,1,0.51
0,0,0.3883603837780641,1,0.7
0,0,0.400057096714444,0,0.0
0,0,0.35592207069716847,0,0.0
0,0,0.43181052587927954,0,0.0
0,0,0.3982671997165114,0,0.0
0,1,0.5097982959948993,0,0.0
0,0,0.4820060286835534,0,0.0
0,0,0.4327924287392197,0,0.0
0,0,0.4647733769203883,0,0.0
0,0,0.4067695185022626,0,0.0
0,0,0.4684195114313273,0,0.0
0,0,0.3878762091642564,0,0.0
1,0,0.11731043135785055,1,0.85
0,0,0.34059096320110577,0,0.0
0,0,0.47501109053109275,0,0.0
1,0,0.26503763003325004,1,0.96
1,0,0.11458973106845617,1,0.86
0,0,0.4920128337054883,0,0.0
0,0,0.47763091580102385,0,0.0
0,0,0.40920926874351876,0,0.0
0,1,0.5328293436322877,0,0.23
0,0,0.480649903124219,0,0.0
0,0,0.4696515839766622,0,0.0
0,0,0.47354817078816974,0,0.0
0,0,0.44429765192781995,0,0.0
0,0,0.43622272708405707,0,0.0
1,0,0.0760156836036767,1,1.0
0,0,0.4675866221483533,0,0.0
0,1,0.5339813935265015,0,0.48
0,0,0.48165964213977575,0,0.0
0,0,0.4703277948605801,0,0.0
0,0,0.4541191196907361,0,0.0
0,0,0.41780631844078797,0,0.0
0,0,0.4440874140242351,0,0.0
0,0,0.473293677057216,0,0.0
1,1,0.5907137851941754,1,0.99
0,0,0.4706048084393299,0,0.0
0,0,0.4244386868312865,0,0.0
1,0,0.14345006109595296,1,0.55
0,0,0.4408924077988657,0,0.0
1,0,0.44463986833964625,1,1.0
0,0,0.42729876976831516,0,0.0
0,0,0.4258857983542953,0,0.0
0,0,0.4138145680973064,0,0.0
0,0,0.4766694559676035,0,0.0
0,0,0.4522052165272595,0,0.0
0,0,0.47656491311295707,0,0.0
0,0,0.43652612326829404,0,0.0
0,0,0.4647795425886649,0,0.0
0,1,0.5027107265798896,0,0.0
0,0,0.40876707327637857,0,0.0
0,0,0.39570170007454786,0,0.0
1,0,0.17096864577892457,1,0.61
0,0,0.4744847715602444,0,0.0
0,0,0.4743957983316249,0,0.0
0,0,0.4191597526252148,0,0.0
0,0,0.439863198503489,0,0.0
0,0,0.37512749901799125,0,0.0
0,0,0.3842646075787699,0,0.0
0,0,0.431026243351914,0,0.0
0,0,0.4468020636637601,0,0.0
0,0,0.2941376253369386,0,0.44
1,1,0.5740131200103263,1,1.0
0,0,0.42838648823758396,0,0.0
1,0,0.10088418449085877,1,0.78
0,0,0.4469431928773969,0,0.0
0,0,0.4493679312152582,0,0.0
0,0,0.2857582275821109,0,0.12
0,0,0.43630429754455263,0,0.0
0,0,0.46511120758584723,0,0.0
0,0,0.44056534565819333,0,0.0
0,0,0.2548926631709407,0,0.44
0,0,0.4084483935949821,0,0.0
0,0,0.42354066796794,0,0.0
0,0,0.4191217754076566,0,0.0
0,0,0.4354727544595049,0,0.0
0,0,0.4503792200277801,0,0.06
0,1,0.5517522209847545,0,0.08
1,0,0.3921778006588755,0,0.0
1,0,0.2840634196823087,1,0.63
0,0,0.2553088175576677,0,0.33
0,0,0.4552600758349638,0,0.0
0,0,0.3115536877279144,0,0.13
0,0,0.46584418528117716,0,0.0
0,0,0.33377895803235863,0,0.06
0,0,0.48659165811856014,0,0.29
0,0,0.43913722146133816,0,0.0
0,0,0.44893136160949826,0,0.0
0,0,0.3130906240473961,0,0.36
0,0,0.44135534192306825,0,0.0
0,0,0.4103891957759715,0,0.0
0,0,0.42972641245967313,0,0.0
0,0,0.4429365095937582,0,0.0
0,0,0.4257882838066294,0,0.0
0,0,0.19252889029157788,1,0.77
0,0,0.43178363253870944,0,0.0
0,0,0.4334761409375848,0,0.0
0,0,0.4837060899787179,0,0.0
0,0,0.4431044327383288,0,0.0
0,0,0.4404960976290622,0,0.0
0,0,0.3293512776309553,0,0.15
0,0,0.43451589624436304,0,0.0
0,0,0.4408037417332563,0,0.0
0,0,0.4491330484365703,0,0.0
0,0,0.4203452706095148,0,0.0
1,1,0.6613779285281945,1,0.63
0,0,0.32601086347899827,0,0.0
0,0,0.4476060370537146,0,0.0
0,0,0.43660801525743553,0,0.0
0,0,0.4909573329031004,0,0.0
0,0,0.47259844494735354,0,0.0
0,0,0.42719558358928095,0,0.0
0,0,0.4732408939395245,0,0.0
0,0,0.1960207953915522,0,0.1
0,1,0.6399825293937585,0,0.4
0,0,0.3861862127548623,0,0.0
0,0,0.4467323803254229,0,0.0
0,0,0.4730955381694709,0,0.0
0,0,0.29377518479803905,0,0.1
0,0,0.3576265139338557,0,0.0
0,0,0.36252974234106555,0,0.0
0,0,0.4034874524987094,0,0.0
0,0,0.43850669117016794,0,0.0
0,0,0.4913952934260612,0,0.01
0,0,0.31699799995127903,0,0.0
0,0,0.42745248301837435,0,0.0
0,0,0.4735861039722933,0,0.0
0,1,0.518171398551815,0,0.0
0,0,0.42124697347406787,0,0.0
0,1,0.522727595295243,0,0.03
0,0,0.4298936172530138,0,0.01
0,0,0.014878825473500269,1,0.52
0,0,0.3500231716079377,0,0.0
0,0,0.4718727493832917,0,0.0
0,1,0.5166632118119046,0,0.16
0,0,0.4074371388164883,0,0.0
0,0,0.48070589332060676,0,0.0
0,0,0.38373483681165427,0,0.0
0,0,0.43321052730465875,0,0.01
0,0,0.46897035620788385,0,0.0
1,1,0.8657683168172432,1,0.95
0,0,0.45487233299060525,0,0.0
0,0,0.4697373659702077,0,0.0
0,0,0.4665385460811746,0,0.0
0,0,0.4318471799652563,0,0.0
0,0,0.4745378129242983,0,0.0
0,0,0.41856768949728634,0,0.0
0,0,0.28864651010710524,0,0.27
0,0,0.43163050761884475,0,0.0
0,0,0.42956028664203805,0,0.0
0,0,0.42297247017277245,0,0.0
0,0,0.4129946198181315,0,0.0
0,0,0.4427442678138632,0,0.0
0,0,0.4532843531008761,0,0.0
0,0,0.4446477728450979,0,0.0
0,0,0.47735869899467304,0,0.0
0,0,0.3643868624613246,0,0.36
0,0,0.39315304925192024,0,0.0
0,0,0.3965741642450182,0,0.0
0,0,0.4340142641007648,0,0.0
1,0,0.12284174938662171,1,0.52
0,1,0.5078186378393788,0,0.0
0,0,0.4658885985167542,0,0.0
0,1,0.5052585708096691,0,0.0
0,0,0.4546509814819063,0,0.0
0,0,0.2983205472373897,0,0.03
1,1,0.5352283629870385,1,0.91
0,0,0.46116103944705744,0,0.0
0,0,0.3906342063153113,0,0.0
0,0,0.3790654654383913,0,0.0
0,0,0.4683911092255301,0,0.0
1,0,0.1405965270040828,1,1.0
0,0,0.4471881123245995,0,0.0
0,0,0.44119508678532365,0,0.0
0,0,0.36039938119182113,0,0.02
0,0,0.3885153779740697,0,0.0
0,0,0.4062132279269873,0,0.0
0,0,0.48551141549536936,0,0.0
0,0,0.42589215061291635,0,0.0
0,0,0.4254026416718028,0,0.0
0,0,0.44403618492946456,0,0.0
0,1,0.7943406106030216,1,0.94
0,0,0.42867930891510425,0,0.03
0,0,0.46186584453762974,0,0.0
0,0,0.41908878129664734,0,0.0
0,0,0.41693786177535064,0,0.0
0,0,0.4193152554631679,0,0.0
0,0,0.4580648629506494,0,0.0
1,1,0.5764713497527372,0,0.1
0,0,0.43777286292780127,0,0.0
0,0,0.4651569456624008,0,0.0
0,1,0.5766038355659523,0,0.09
0,0,0.43133315477316686,0,0.0
0,0,0.44156616023237866,0,0.0
0,0,0.4818488188864322,0,0.0
0,0,0.45269985168848415,0,0.0
0,0,0.45179480056911814,0,0.0
0,0,0.4620607655712449,0,0.0
0,0,0.39043269652791124,0,0.0
0,0,0.39244801299933835,0,0.0
0,1,0.5849756472372393,0,0.17
0,0,0.4450981631619101,0,0.0
0,0,0.4251055983387703,0,0.0
0,0,0.3667879077068499,0,0.0
0,0,0.4421076570443301,0,0.0
0,0,0.414441419872666,0,0.0
0,0,0.44646093841230494,0,0.0
0,0,0.34839195388429467,0,0.08
0,0,0.44133173363793815,0,0.0
0,0,0.467151789843522,0,0.0
0,0,0.1810952435913834,0,0.38
0,0,0.4851898932596844,0,0.0
0,0,0.4082451310642116,0,0.0
0,0,0.46782149674305057,0,0.0
0,0,0.29493007169900093,0,0.27
0,0,0.4429757413418648,0,0.0
0,0,0.4256651854287946,0,0.0
0,0,0.3820648743898632,0,0.0
0,0,0.43913532554672047,0,0.0
0,0,0.48066167261505177,0,0.0
0,0,0.3970333715544691,0,0.0
0,0,0.4751542950380061,0,0.03
1,1,0.5173323284152115,1,1.0
0,0,0.31743284922384263,0,0.24
0,0,0.4233605023570437,0,0.0
0,0,0.44372093219886855,0,0.0
0,0,0.45262445958512093,0,0.0
1,0,0.2515069031129465,1,0.99
0,0,0.4621206273441631,0,0.0
0,0,0.4234721175023389,0,0.0
0,0,0.3773904369984852,0,0.0
0,0,0.4104149523364514,0,0.0
0,0,0.4349136842005155,0,0.0
0,0,0.4484946007210484,0,0.0
0,1,0.5008499433700302,0,0.0
0,0,0.4629903018109156,0,0.0
0,0,0.42302415816173433,0,0.0
0,0,0.3887800385205606,0,0.0
0,0,0.3488844595125498,0,0.0
0,0,0.4424028090851809,0,0.0
0,0,0.432742088434558,0,0.0
0,0,0.42935064417786384,0,0.0
0,0,0.41846894954770597,0,0.0
0,0,0.4837591960846185,0,0.0
0,0,0.3113416020746226,0,0.12
0,0,0.45485897174829126,0,0.0
0,0,0.44288577230106513,0,0.0
0,0,0.3762667336630869,0,0.0
0,0,0.48726746881287253,0,0.0
0,0,0.3383078682683542,0,0.0
0,0,0.4128346750560297,0,0.0
0,0,0.45483285503590964,0,0.0
0,0,0.47016088901591707,0,0.0
0,0,0.2800317059122538,0,0.03
0,0,0.2972702724837245,0,0.29
0,0,0.479928426196045,0,0.0
0,0,0.4676834411841477,0,0.02
0,0,0.44234903415408006,0,0.0
0,0,0.3709942170990085,0,0.0
0,0,0.3653439821498912,0,0.0
0,0,0.4539065448282174,0,0.0
0,0,0.4687517122002726,0,0.0
0,0,0.4346608319635414,0,0.0
0,0,0.41075813600630845,0,0.0
0,0,0.43111683919630234,0,0.0
0,0,0.3368826420482181,1,0.68
0,0,0.4569235535636433,0,0.0
0,0,0.4561700006899985,0,0.0
0,0,0.4557844493117738,0,0.0
0,0,0.4276853981721994,0,0.0
1,0,0.10317521738324435,1,0.87
0,0,0.464368579129259,0,0.0
1,0,0.06903608756611851,1,1.0
1,0,0.2876957963783933,1,0.9
1,1,0.7271001307133841,1,0.75
0,0,0.49757363199599813,0,0.0
0,1,0.5783367415564514,0,0.13
0,0,0.4512725481448683,0,0.0
1,0,0.23103321954315711,0,0.05
0,0,0.43641164160994916,0,0.0
0,0,0.45524886035473067,0,0.0
0,0,0.46735643736379423,0,0.0
0,0,0.3814386425741011,0,0.0
1,0,0.208546412635938,1,0.55
0,0,0.4273938471584418,0,0.0
0,0,0.4726514519188776,0,0.0
0,0,0.4321541989461864,0,0.0
0,0,0.39052478000957846,0,0.0
0,0,0.4764071722088038,0,0.0
0,0,0.4395168931424447,0,0.0
0,0,0.4247493751640782,0,0.0
0,0,0.47712536515538045,0,0.0
1,0,0.05265224428297002,1,0.99
0,0,0.40810687290435366,0,0.0
1,1,0.8771794125703577,1,1.0
0,0,0.466103682498187,0,0.0
1,0,0.19660388791772324,1,1.0
0,0,0.458647500473438,0,0.0
0,0,0.41786506780261357,0,0.0
0,0,0.3770169695715395,0,0.0
0,0,0.4703110447779231,0,0.0
0,0,0.4797343592234462,0,0.0
0,0,0.43344471819403085,0,0.0
0,0,0.4246057323333517,0,0.0
1,0,0.15547043003226466,1,0.87
0,0,0.43332470741654083,0,0.0
0,0,0.23516367623670392,0,0.02
1,1,0.6984906952013655,0,0.36
0,0,0.42510910301070787,0,0.0
0,0,0.44414929062475367,0,0.0
0,0,0.39994849994174586,0,0.0
0,0,0.3858984128901193,0,0.04
0,0,0.48392999934255687,0,0.0
0,0,0.48698104719918767,0,0.0
0,0,0.39756776812351324,0,0.0
0,0,0.4460023775076501,0,0.0
0,0,0.37933285670126804,0,0.0
0,0,0.47699931111590743,0,0.0
0,0,0.44045151450665126,0,0.0
0,0,0.4140889444595175,0,0.0
0,0,0.46183834188809975,0,0.0
0,0,0.4637205836426621,0,0.0
0,0,0.31871654685806683,0,0.07
0,0,0.4715291988001842,0,0.0
0,0,0.33571848574997737,0,0.14
0,0,0.38059828768690446,0,0.0
1,1,0.7404069957794726,1,0.63
0,0,0.34564692390844315,0,0.23
0,0,0.4632388183854787,0,0.0
0,1,0.5190044436082263,0,0.02
0,0,0.4310715300490448,0,0.0
0,0,0.4244941400953247,0,0.0
1,0,0.21602496738260818,1,0.81
1,1,0.6218089215793569,0,0.25
0,0,0.475251623467005,0,0.0
0,0,0.4579639462394075,0,0.0
0,0,0.4804443520958467,0,0.0
0,0,0.48254001321888923,0,0.0
0,1,0.5837253082817493,0,0.26
0,0,0.40421768781297496,0,0.0
0,0,0.4438349174532056,0,0.0
0,0,0.4047919445843696,0,0.0
0,0,0.3007821508853894,0,0.14
0,0,0.44073778728078644,0,0.0
0,1,0.6471877881589898,0,0.01
0,0,0.3735809055332178,0,0.0
0,0,0.4316900228893122,0,0.0
0,0,0.41346437980542,0,0.0
0,0,0.4382958665133413,0,0.0
0,1,0.6288205400433291,0,0.32
0,0,0.4817102833209989,0,0.0
0,0,0.3108460549288239,0,0.01
0,0,0.32871398964546716,0,0.1
0,0,0.1827864418778359,1,0.51
0,0,0.34042080398287994,0,0.05
0,0,0.4114961088809303,0,0.0
0,0,0.48150730598736047,0,0.0
1,0,0.23161233865020617,0,0.11
1,1,0.5124805737252652,0,0.41
0,0,0.28035931044995005,0,0.46
0,0,0.4443511054252898,0,0.0
0,0,0.43565416549778085,0,0.0
0,0,0.4447105838911491,0,0.0
1,0,0.14784563301732473,1,0.78
0,0,0.46878919372429184,0,0.0
0,0,0.4791313380345192,0,0.0
0,0,0.47863995580004237,0,0.0
0,0,0.4998274225056609,0,0.01
0,1,0.5289541613645984,0,0.0
0,0,0.3551668580936809,0,0.0
0,1,0.5103545104615002,0,0.02
0,1,0.6018722104988959,0,0.02
0,0,0.43745925209071435,0,0.0
0,0,0.4895259551593211,0,0.0
0,0,0.4358987535358716,0,0.0
0,0,0.4777915286366265,0,0.0
0,0,0.3980161418919198,0,0.0
1,0,0.30165843174893253,1,0.7
0,0,0.4303130098222694,0,0.0
0,0,0.4394028082852762,0,0.02
0,0,0.3534565269577708,0,0.0
0,0,0.48563624488482965,0,0.0
0,0,0.30911345729541234,0,0.01
0,0,0.4822377922791949,0,0.0
0,0,0.4762406125603779,0,0.0
0,0,0.49140831072592034,0,0.0
1,0,0.1348348674446971,0,0.41
1,0,0.3748617731608134,1,0.97
0,0,0.40993835312007776,0,0.03
0,0,0.43753060290104606,0,0.0
0,0,0.40835522589251,0,0.0
0,0,0.411188604622392,0,0.0
0,0,0.3247564972273519,1,0.71
0,0,0.4932993180680321,0,0.0
0,0,0.4508903320587933,0,0.0
0,0,0.4158780135296261,0,0.0
0,0,0.4844347085131805,0,0.0
0,0,0.4816208369819593,0,0.0
0,0,0.42349262469000276,0,0.0
0,0,0.4385152201356829,0,0.0
0,0,0.40045605872454076,0,0.0
0,0,0.420365095363135,0,0.0
0,0,0.4743689459440431,0,0.0
0,0,0.42534077178935376,0,0.0
1,1,0.6543973959267765,1,0.99
0,0,0.4258270920633797,0,0.0
0,0,0.4274143341548261,0,0.0
0,0,0.48917281220434355,0,0.0
0,0,0.4293409687592861,0,0.0
0,0,0.47210903620800415,0,0.0
0,0,0.48380437260829406,0,0.0
0,1,0.5411220254955255,0,0.01
0,0,0.3148391110916863,0,0.35
0,0,0.44192502634571457,0,0.0
0,0,0.33937544599203406,0,0.03
0,0,0.41963984852656644,0,0.0
0,0,0.3021639520821926,0,0.0
0,0,0.345199130237539,0,0.0
0,0,0.3644138482308513,0,0.0
0,0,0.3367820108371319,0,0.02
0,0,0.4308579790460743,0,0.0
0,0,0.393985571716927,0,0.0
0,0,0.4222940034425481,0,0.0
0,0,0.3707236522990398,0,0.0
0,0,0.4268095783252925,0,0.0
0,0,0.41383427257677013,0,0.0
0,0,0.48309695832508215,0,0.0
0,0,0.36330405861369275,0,0.02
0,0,0.3944101888359026,0,0.0
0,0,0.41904789956887484,0,0.0
0,1,0.5915185336691071,0,0.05
1,0,0.08711619355718969,1,0.67
0,0,0.3565529774027568,0,0.0
0,0,0.40691468245391904,0,0.0
1,0,0.24521838151632463,0,0.32
1,0,0.2756062328181592,0,0.35
0,0,0.42618461622933596,0,0.0
0,0,0.4790492177612665,0,0.0
0,0,0.38981318980878993,0,0.0
0,0,0.4807106771319367,0,0.0
0,0,0.35808139830086166,0,0.15
0,0,0.42735107155393004,0,0.0
0,0,0.39392178189932053,0,0.0
1,1,0.5243364563314911,1,0.98
0,0,0.4733461776090711,0,0.0
0,0,0.4363486236190599,0,0.0
0,0,0.4778912336092946,0,0.0
0,0,0.466764867204098,0,0.0
0,0,0.4478947301692429,0,0.0
0,0,0.4277885599249918,0,0.0
0,0,0.397094621424556,0,0.0
0,0,0.3733746054016785,0,0.0
0,0,0.4349963785148096,0,0.0
1,0,0.15738363266521282,0,0.1
0,0,0.4487453905797294,0,0.02
0,0,0.44233265667350247,0,0.0
0,0,0.35178513241882886,0,0.0
0,0,0.41469109438734497,0,0.0
0,0,0.3909471242555862,0,0.0
0,0,0.42683120425469717,0,0.0
0,0,0.42987968878428756,0,0.0
0,0,0.4277485192291824,0,0.0
0,0,0.40230361918866486,0,0.0
0,1,0.507870136843472,0,0.01
0,0,0.4683775843697958,0,0.0
0,0,0.4109019149947419,0,0.0
1,0,0.18240787557124727,1,0.68
0,0,0.47762781944505256,0,0.0
0,0,0.4372611443512241,0,0.0
0,0,0.3064740110648438,0,0.06
0,0,0.4841688143906374,0,0.0
1,0,0.2814482308468492,1,0.97
0,0,0.4862275691716595,0,0.0
0,0,0.44106113389284274,0,0.0
1,0,0.14676328154145216,1,0.96
0,0,0.4460929613556463,0,0.0
0,0,0.4288356048997049,0,0.0
0,0,0.4006597501727272,0,0.0
0,0,0.4484122537255571,0,0.0
0,0,0.42080344513936524,0,0.0
0,0,0.2418537787608597,1,0.59
0,0,0.4288387544873709,0,0.0
0,0,0.4616330536283897,0,0.0
0,0,0.4142560804794861,0,0.0
0,0,0.4255081354674428,0,0.0
0,0,0.4353071491660638,0,0.0
0,0,0.44429266300048337,0,0.0
0,0,0.4182705194684113,0,0.0
0,0,0.44020466472677683,0,0.0
0,0,0.3888138628551383,0,0.0
0,0,0.4243513911778935,0,0.0
1,1,0.5224790929975313,1,0.89
0,0,0.4316280627279105,0,0.0
0,0,0.24218516506674012,1,0.53
0,0,0.4922742394690838,0,0.0
0,0,0.4458517811957988,0,0.0
0,0,0.43945813056163524,0,0.0
0,0,0.41119216118958823,0,0.0
0,0,0.32593152396692815,0,0.04
0,0,0.3866032233151376,0,0.0
0,0,0.33311211995685486,0,0.09
0,0,0.41955033329079977,0,0.0
0,0,0.4292008319621237,0,0.0
0,0,0.35981595320196674,0,0.0
0,0,0.42446410981887617,0,0.0
0,0,0.4689351240789361,0,0.0
0,0,0.3819986311576175,0,0.14
0,0,0.4128471926590327,0,0.0
1,0,0.12562674715440986,1,0.91
0,0,0.4372883442343172,0,0.0
0,0,0.40914762191326287,0,0.45
0,0,0.4373264929422841,0,0.0
0,0,0.4141090188685617,0,0.0
0,0,0.4953415360108004,0,0.0
0,1,0.5424848195280783,0,0.19
0,0,0.4312218014617796,0,0.0
1,0,0.1088226067887006,1,0.61
0,0,0.4341228878149468,0,0.0
0,0,0.3719532174493734,0,0.0
0,0,0.48167657027339245,0,0.0
0,0,0.43048851401033683,0,0.0
0,1,0.5147284137469688,0,0.0
0,0,0.32322377982289385,0,0.04
0,0,0.33039551201843576,0,0.06
0,1,0.5032955796787606,0,0.0
0,0,0.44132316993071874,0,0.0
0,0,0.4194544335614921,0,0.0
0,0,0.4666342809448358,0,0.0
0,0,0.4498718288433349,0,0.0
1,0,0.37200369042725734,0,0.06
0,0,0.4633756610372228,0,0.0
0,0,0.4653377682146682,0,0.0
0,0,0.4390571206174571,0,0.0
0,0,0.47631174245523167,0,0.0
0,0,0.3989056563660035,0,0.0
0,0,0.4227939306491908,0,0.0
0,0,0.47250125006380383,0,0.0
0,0,0.4786045111295036,0,0.0
0,0,0.4210326985346272,0,0.0
0,0,0.42354393043320415,0,0.0
0,0,0.47422725853264974,0,0.01
0,1,0.5466274908248774,0,0.05
0,0,0.43591370018072584,0,0.0
0,0,0.3261696035513436,0,0.0
0,0,0.4328237251825072,0,0.0
0,0,0.39544384946452105,0,0.0
0,0,0.4706515711896496,0,0.02
1,0,0.12919089987481613,1,0.88
0,1,0.5723793542662772,0,0.01
1,1,0.7336334128515931,1,0.94
0,0,0.45470918977335545,0,0.0
0,0,0.4042008969797791,0,0.0
0,0,0.4361150589369682,0,0.0
1,1,0.5103815628426499,1,0.79
0,0,0.38461081087279625,0,0.0
0,0,0.4314876399846679,0,0.0
0,0,0.3721655580801633,0,0.1
0,0,0.4835015988736977,0,0.0
0,0,0.4289822045570905,0,0.0
0,0,0.4427362849792841,0,0.0
0,0,0.44368077340562234,0,0.0
0,0,0.38378429834680144,0,0.0
0,0,0.44303288381142014,0,0.0
1,1,0.6078938727582401,1,0.99
0,0,0.4040569661710161,0,0.01
1,1,0.5802529937693391,1,0.57
0,0,0.42525829452147595,0,0.0
0,0,0.42004060009262456,0,0.0
0,1,0.8139954692317805,0,0.07
0,0,0.46819789050186267,0,0.0
0,0,0.44989282072359826,0,0.0
0,0,0.4763455361011962,0,0.0
0,0,0.3981893072921913,0,0.0
0,0,0.40750924525273446,0,0.0
0,0,0.42289123264304546,0,0.0
0,1,0.5187578079542975,0,0.0
0,0,0.40620237219514016,0,0.0
0,0,0.4793760876191637,0,0.0
0,0,0.46898587070275904,0,0.0
0,0,0.4601611147823632,0,0.0
0,0,0.47769709166685687,0,0.0
0,0,0.4365050591253439,0,0.0
0,1,0.5429024691906408,0,0.36
0,0,0.46851054296970224,0,0.0
0,0,0.447485312298191,0,0.0
0,0,0.4813549582385711,0,0.0
0,0,0.4319538100679444,0,0.01
0,0,0.4794022794951187,0,0.0
0,0,0.44649504460773415,0,0.0
0,0,0.4482130618616812,0,0.0
0,0,0.4397399343839895,0,0.0
0,0,0.4765233839229494,0,0.0
0,0,0.4595040799962948,0,0.0
0,0,0.40181072821500474,0,0.0
0,0,0.42981985203056866,0,0.0
0,0,0.4355666366748854,0,0.0
1,0,0.4296469999806257,0,0.0
0,1,0.5854593187383169,0,0.06
0,0,0.44818057449630994,0,0.0
0,0,0.42293285289891003,0,0.0
0,0,0.4085583145639545,0,0.0
0,0,0.3548595099946778,0,0.07
0,1,0.5660406217186342,0,0.18
0,0,0.42462750307749336,0,0.0
0,0,0.4499627771249911,0,0.0
0,0,0.4347723481020754,0,0.0
0,0,0.4351997690708863,0,0.0
0,0,0.4819194310968636,0,0.0
0,0,0.42730408713214824,0,0.0
0,0,0.36273232943242834,0,0.1
0,0,0.35291008196695595,0,0.07
0,0,0.414462718463516,0,0.0
0,0,0.48204653551059745,0,0.0
0,0,0.4842544700760142,0,0.0
0,0,0.3885229578098424,0,0.0
0,0,0.46356319905314497,0,0.0
0,0,0.39938114161926064,0,0.0
0,0,0.4005252705713224,0,0.0
0,0,0.36406476113651104,0,0.0
0,0,0.4471414727570065,0,0.0
0,0,0.40142502976243555,0,0.0
0,0,0.48262554643827865,0,0.0
0,0,0.4297547684150734,0,0.0
1,0,0.3702210364236334,0,0.07
0,0,0.4163854558418225,0,0.0
0,0,0.32217142833793055,0,0.03
0,0,0.36283477603638264,1,0.57
0,0,0.39014374254372397,0,0.0
1,0,0.39578775255794646,1,0.96
1,0,0.0884073310019151,1,0.96
0,1,0.5536679468005201,1,0.9
0,0,0.4686092363593386,0,0.0
0,0,0.13926111766752683,0,0.3
0,1,0.5016326029754202,0,0.01
0,0,0.4041461670451939,0,0.0
0,0,0.43154345550399925,0,0.0
0,0,0.4399474128058607,0,0.0
0,0,0.46375665887668177,0,0.26
0,0,0.3745396209202924,0,0.0
0,0,0.33564550856677544,0,0.18
0,0,0.41443717843912464,0,0.0
0,0,0.39191603763159205,0,0.0
0,0,0.4306955681342265,0,0.0
1,0,0.016470596123216746,1,1.0
0,0,0.47870343863853637,0,0.0
0,0,0.4556526407195405,0,0.0
0,0,0.44175359186720997,0,0.0
0,0,0.48690550995374254,0,0.0
0,0,0.4963059394967137,0,0.02
0,0,0.4220328213354573,0,0.0
0,0,0.4466087350110108,0,0.0
0,0,0.357646969179265,0,0.04
0,0,0.4932029236153176,0,0.0
0,0,0.4303686786113587,0,0.0
0,0,0.45912853298836576,0,0.0
0,0,0.41036614609273,0,0.0
1,0,0.20957010769613846,0,0.46
1,0,0.4752831467416701,1,0.89
0,0,0.4420048961263791,0,0.0
0,0,0.3397518942376451,0,0.04
0,0,0.40584945461590394,0,0.02
0,0,0.3244369269768098,0,0.27
0,0,0.37714179644514717,0,0.0
0,0,0.4662971617353344,0,0.0
1,0,0.09553280728708763,1,0.98
0,0,0.43277165379005483,0,0.0
1,0,0.1828570296897406,1,0.89
0,0,0.46761850020358925,0,0.0
0,0,0.4380892593266237,0,0.0
1,1,0.5871263030916662,0,0.25
0,0,0.41967822739805966,0,0.0
0,0,0.4458129000652898,0,0.0
0,0,0.494694674533586,0,0.0
0,0,0.42960904651985876,0,0.0
0,0,0.3809061256746853,0,0.0
0,0,0.44805237559646566,0,0.02
1,0,0.3452139625833742,1,0.86
0,0,0.43567999568939997,0,0.0
0,0,0.48708819454364255,0,0.0
0,0,0.43358389484762766,0,0.0
0,0,0.38171964724325075,0,0.0
0,0,0.41420051344359243,0,0.0
1,0,0.1310402036862937,1,0.86
0,0,0.3788115412832709,0,0.0
0,0,0.39839425316025673,0,0.0
1,0,0.22513367105822327,0,0.09
1,0,0.22406812882032068,1,0.76
0,0,0.37956608364183486,0,0.0
0,0,0.4791047395049325,0,0.0
0,0,0.40141217757601005,0,0.0
1,0,0.14934191916793343,1,0.79
0,0,0.4704713277625142,0,0.0
0,0,0.4814051150308309,0,0.0
0,0,0.4557882949458244,0,0.01
0,0,0.17882664771069423,1,0.69
0,1,0.8496585412444325,0,0.05
0,0,0.4115974284662859,0,0.0
0,0,0.2920322737577679,0,0.26
1,1,0.6620088416963293,1,0.78
0,0,0.4555757982501313,0,0.0
1,0,0.449874159179587,0,0.11
0,0,0.447385059489142,0,0.0
0,1,0.5361143481718649,0,0.04
1,1,0.6088748833063236,1,1.0
0,0,0.4553535486088322,0,0.0
1,0,0.12497436752869537,1,0.9
0,0,0.3953324967488752,0,0.0
0,1,0.5121827087279435,0,0.07
0,1,0.7437830710140383,1,0.88
0,0,0.4404588659128503,0,0.0
0,0,0.3125895031588232,0,0.02
0,0,0.38793114402797924,0,0.0
0,0,0.4676440131154289,0,0.0
0,0,0.41830119034728885,0,0.0
0,0,0.44680848510050364,0,0.0
0,0,0.4799765595294998,0,0.0
0,0,0.38392504178763276,0,0.0
1,0,0.3140724314088369,0,0.08
0,0,0.4835963196499783,0,0.05
0,0,0.31487792317007324,0,0.07
1,0,0.22138401062191745,0,0.48
0,0,0.41700298180140066,0,0.0
0,0,0.45208881281141017,0,0.0
0,0,0.438094027516013,0,0.0
0,0,0.45086753476650937,0,0.0
0,1,0.5005574906467078,0,0.19
0,0,0.4320580574099368,0,0.0
0,0,0.4153154501939032,0,0.5
0,0,0.12818669549379555,1,0.98
0,0,0.47125374761205296,0,0.0
0,0,0.47854602285620196,0,0.0
0,0,0.43720470447845367,0,0.0
0,0,0.38138800986393984,0,0.0
0,0,0.43408674161784566,0,0.0
0,0,0.48738303126335597,0,0.0
0,0,0.45127349061773636,0,0.0
0,0,0.423966015156929,0,0.0
1,0,0.008051428122047045,1,0.99
0,0,0.41449054720850215,0,0.01
0,0,0.41032740991357586,0,0.01
0,0,0.44081484744089156,0,0.0
0,0,0.4554999070529674,0,0.0
1,0,0.4947792012542637,0,0.04
0,0,0.4334421146934087,0,0.0
0,0,0.3323282607209269,0,0.06
0,0,0.4629242095479437,0,0.0
1,0,0.2614341101536594,1,0.62
0,0,0.4112098999375841,0,0.0
0,0,0.41897095590516287,0,0.0
0,0,0.4019800618261874,0,0.0
0,0,0.47826755212976113,0,0.0
0,0,0.37667294733661133,0,0.0
0,0,0.4384694958287245,0,0.0
0,0,0.4918885734009107,0,0.0
0,0,0.45970562579316454,0,0.0
0,0,0.41684958630895,0,0.0
0,0,0.4080933962833825,0,0.0
0,0,0.39266000558608466,0,0.0
0,0,0.3942115157849097,0,0.0
0,0,0.489542942363334,0,0.0
0,0,0.4485713635077934,0,0.0
0,0,0.44407078589088866,0,0.0
0,0,0.43765468936619356,0,0.0
1,1,0.5947944444646694,1,0.56
0,0,0.44186488347091823,0,0.0
0,0,0.43988885396771205,0,0.0
0,0,0.4305682515246743,0,0.0
0,0,0.48639949837409774,0,0.0
0,0,0.40480562150663696,0,0.0
0,0,0.430005487154667,0,0.0
0,0,0.4916522064344183,0,0.16
0,0,0.42755351102742045,0,0.0
0,0,0.43276044294805616,0,0.0
0,0,0.4824424681559355,0,0.0
0,0,0.30051871704079264,0,0.16
0,0,0.4387474628665437,0,0.0
0,0,0.4418938344831572,0,0.0
0,0,0.3177824277621816,1,0.64
0,0,0.4876117789011649,0,0.0
0,1,0.5010433277013858,0,0.0
0,0,0.4325374280465877,0,0.0
0,0,0.3460763327390903,0,0.0
0,0,0.38556448658518216,0,0.0
0,0,0.41707914296572685,0,0.0
0,0,0.4496260848846263,0,0.0
0,0,0.43730434826329784,0,0.0
0,1,0.5180544982317757,0,0.15
0,0,0.4441186373552097,0,0.0
0,0,0.4706208928119249,0,0.0
0,0,0.18433713071311877,1,0.75
0,0,0.4060692286270802,0,0.0
0,0,0.435924167937029,0,0.0
0,0,0.3938094447826408,0,0.08
0,0,0.4391360365144939,0,0.0
0,0,0.38846171632577364,0,0.0
0,0,0.349124020031299,0,0.03
0,1,0.5857588199193214,0,0.47
0,0,0.43046987765532785,0,0.0
0,1,0.5015518236682782,0,0.0
0,0,0.4684946144920659,0,0.0
0,0,0.35713687172596753,0,0.06
0,0,0.4407186976236133,0,0.0
0,0,0.4148875496373738,0,0.0
0,0,0.4510034678415274,0,0.0
0,0,0.4245225146519332,0,0.0
0,0,0.444114731943752,0,0.0
1,1,0.5485957197333148,0,0.14
0,0,0.19864817430571646,1,0.56
0,0,0.48663346236809624,0,0.0
0,0,0.4234446547897313,0,0.0
0,0,0.4386696954603569,0,0.0
0,0,0.405131127969739,0,0.0
1,0,0.2061269947569557,1,0.84
0,1,0.5821195758113442,0,0.19
0,0,0.4107054659741898,0,0.0
0,0,0.40598692767191374,0,0.0
0,0,0.40319870923472856,0,0.0
0,0,0.4830530975364395,0,0.0
0,0,0.4492603795211255,0,0.0
1,0,0.2278945663444272,0,0.25
0,0,0.401542210082839,0,0.0
0,0,0.44317837871477495,0,0.0
0,0,0.41367016848711563,0,0.0
0,0,0.4366925143723758,0,0.0
0,0,0.40494037421647183,0,0.0
0,0,0.43891493759388284,0,0.0
0,0,0.43449115275351047,0,0.0
0,0,0.48195835477435095,0,0.0
0,0,0.48090837559826277,0,0.0
0,0,0.48185338234683317,0,0.0
0,0,0.42217750754305755,0,0.0
0,0,0.4033157489377317,0,0.0
0,1,0.5505668597843216,0,0.23
0,0,0.4677043459105626,0,0.0
0,0,0.4494710788042125,0,0.0
0,1,0.5184494686049792,0,0.05
1,1,0.9396832711780952,1,0.98
0,0,0.3831197833429866,0,0.01
0,0,0.29460536751077726,0,0.38
0,0,0.3699006965002485,0,0.0
0,0,0.47119722637017863,0,0.0
0,1,0.5429871390412481,0,0.1
0,0,0.48285660423078763,0,0.0
0,0,0.39835428105070325,0,0.0
1,0,0.34196466152786914,1,0.63
0,0,0.37189401529136196,0,0.0
1,0,0.11148851933522837,1,0.85
0,0,0.3458803010262178,0,0.09
1,1,0.5004997901894548,1,0.92
0,0,0.4557946176099328,0,0.0
1,0,0.3791813474119554,1,0.67
0,0,0.437179698646171,0,0.0
0,0,0.4017482038060078,0,0.0
1,0,0.040486450747158426,1,0.95
0,1,0.5333071588625379,0,0.0
0,0,0.26089797955088617,1,0.86
0,0,0.43036864882968917,0,0.0
1,1,0.8966008703611725,1,0.99
0,0,0.48519767230880895,0,0.0
0,0,0.3961278426426727,0,0.0
0,0,0.4783772177293359,0,0.0
0,0,0.4358168326785943,0,0.0
0,0,0.4264118838633098,0,0.0
0,0,0.46090518012202375,0,0.0
0,0,0.4068646758924355,0,0.0
0,0,0.39895515482883437,0,0.0
0,0,0.43619835332829515,0,0.0
0,0,0.449332966573507,0,0.0
0,0,0.4309863425378865,0,0.0
0,0,0.4775078322901169,0,0.0
1,1,0.6223299608130095,1,0.74
0,0,0.47869297431102603,0,0.0
0,0,0.41250996797218764,0,0.0
0,0,0.41849802727029817,0,0.0
0,0,0.38821460905983207,0,0.0
0,0,0.4103541334169763,0,0.0
0,0,0.3673282645624326,0,0.0
0,0,0.4827231576246352,0,0.0
0,0,0.4210136998151322,0,0.0
0,0,0.4018698192495352,0,0.0
0,0,0.42467489865353797,0,0.0
0,0,0.45434071915628244,0,0.0
1,0,0.3127813660803148,1,0.59
0,0,0.4290793880896543,0,0.04
0,0,0.40412140387690687,0,0.0
0,0,0.2894664452619719,0,0.17
0,0,0.39640689951285973,0,0.0
0,0,0.49226822800773595,0,0.0
0,0,0.46086167826734925,0,0.0
0,0,0.4064923244695495,0,0.0
0,0,0.37683561364641754,0,0.0
1,0,0.3223702432532293,1,0.51
